no,time,action_desc,action_data,change_amount,amount,additional_info
1	,2025-12-23 11:51:26,Торговые комиссии,982015212396	,-0.000166974927 GT,1.435796092910 GT,Доступно: 1.435796092910 GT
2	,2025-12-23 11:51:26,Торговые комиссии,982015212396	,-0.004452664723 GT,1.435963067838 GT,Доступно: 1.435963067838 GT
3	,2025-12-23 11:51:26,Продажа,982015212396	,-3.000000000000 RAVE,0.000000000000 RAVE,Доступно: 0.000000000000 RAVE
4	,2025-12-23 11:51:26,Продажа,982015212396	,-80.000000000000 RAVE,3.000000000000 RAVE,Доступно: 0.000000000000 RAVE
5	,2025-12-23 11:51:26,Купить,982015212396	,1.90908000 USDT,216.50624815 USDT,Доступно: 216.50624815 USDT
6	,2025-12-23 11:51:26,Купить,982015212396	,50.90880000 USDT,214.59716815 USDT,Доступно: 214.59716815 USDT
7	,2025-12-23 11:29:02,Торговые комиссии,982550441622	,-0.000992099125 GT,1.440415732561 GT,Доступно: 1.440415732561 GT
8	,2025-12-23 11:29:02,Торговые комиссии,982550441622	,-0.000835451895 GT,1.441407831686 GT,Доступно: 1.441407831686 GT
9	,2025-12-23 11:29:02,Торговые комиссии,982550441622	,-0.000783236151 GT,1.442243283581 GT,Доступно: 1.442243283581 GT
10	,2025-12-23 11:29:02,Торговые комиссии,982550441622	,-0.000835451895 GT,1.443026519733 GT,Доступно: 1.443026519733 GT
11	,2025-12-23 11:29:02,Торговые комиссии,982550441622	,-0.001200962099 GT,1.443861971628 GT,Доступно: 1.443861971628 GT
12	,2025-12-23 11:29:02,Продажа,982550441622	,-19.000000000000 RAVE,83.000000000000 RAVE,Доступно: 0.000000000000 RAVE
13	,2025-12-23 11:29:02,Продажа,982550441622	,-16.000000000000 RAVE,102.000000000000 RAVE,Доступно: 0.000000000000 RAVE
14	,2025-12-23 11:29:02,Продажа,982550441622	,-15.000000000000 RAVE,118.000000000000 RAVE,Доступно: 0.000000000000 RAVE
15	,2025-12-23 11:29:02,Продажа,982550441622	,-16.000000000000 RAVE,133.000000000000 RAVE,Доступно: 0.000000000000 RAVE
16	,2025-12-23 11:29:02,Продажа,982550441622	,-23.000000000000 RAVE,149.000000000000 RAVE,Доступно: 0.000000000000 RAVE
17	,2025-12-23 11:29:02,Купить,982550441622	,11.34300000 USDT,163.68836815 USDT,Доступно: 163.68836815 USDT
18	,2025-12-23 11:29:02,Купить,982550441622	,9.55200000 USDT,152.34536815 USDT,Доступно: 152.34536815 USDT
19	,2025-12-23 11:29:02,Купить,982550441622	,8.95500000 USDT,142.79336815 USDT,Доступно: 142.79336815 USDT
20	,2025-12-23 11:29:02,Купить,982550441622	,9.55200000 USDT,133.83836815 USDT,Доступно: 133.83836815 USDT
21	,2025-12-23 11:29:02,Купить,982550441622	,13.73100000 USDT,124.28636815 USDT,Доступно: 124.28636815 USDT
22	,2025-12-23 11:28:54,Торговые комиссии,982554173903	,-0.001094401747 GT,1.445062933727 GT,Доступно: 1.445062933727 GT
23	,2025-12-23 11:28:54,Торговые комиссии,982554173903	,-0.000781715533 GT,1.446157335474 GT,Доступно: 1.446157335474 GT
24	,2025-12-23 11:28:54,Торговые комиссии,982554173903	,-0.000885944271 GT,1.446939051008 GT,Доступно: 1.446939051008 GT
25	,2025-12-23 11:28:54,Торговые комиссии,982554173903	,-0.000885944271 GT,1.447824995280 GT,Доступно: 1.447824995280 GT
26	,2025-12-23 11:28:54,Торговые комиссии,982554173903	,-0.000521143689 GT,1.448710939552 GT,Доступно: 1.448710939552 GT
27	,2025-12-23 11:28:54,Торговые комиссии,982554173903	,-0.000469029320 GT,1.449232083241 GT,Доступно: 1.449232083241 GT
28	,2025-12-23 11:28:54,Торговые комиссии,982554173903	,-0.000521143689 GT,1.449701112562 GT,Доступно: 1.449701112562 GT
29	,2025-12-23 11:28:54,Продажа,982554173903	,-21.000000000000 RAVE,172.000000000000 RAVE,Доступно: 0.000000000000 RAVE
30	,2025-12-23 11:28:54,Продажа,982554173903	,-15.000000000000 RAVE,193.000000000000 RAVE,Доступно: 0.000000000000 RAVE
31	,2025-12-23 11:28:54,Продажа,982554173903	,-17.000000000000 RAVE,208.000000000000 RAVE,Доступно: 0.000000000000 RAVE
32	,2025-12-23 11:28:54,Продажа,982554173903	,-17.000000000000 RAVE,225.000000000000 RAVE,Доступно: 0.000000000000 RAVE
33	,2025-12-23 11:28:54,Продажа,982554173903	,-10.000000000000 RAVE,242.000000000000 RAVE,Доступно: 0.000000000000 RAVE
34	,2025-12-23 11:28:54,Продажа,982554173903	,-9.000000000000 RAVE,252.000000000000 RAVE,Доступно: 0.000000000000 RAVE
35	,2025-12-23 11:28:54,Продажа,982554173903	,-10.000000000000 RAVE,261.000000000000 RAVE,Доступно: 0.000000000000 RAVE
36	,2025-12-23 11:28:54,Купить,982554173903	,12.52482000 USDT,110.55536815 USDT,Доступно: 110.55536815 USDT
37	,2025-12-23 11:28:54,Купить,982554173903	,8.94630000 USDT,98.03054815 USDT,Доступно: 98.03054815 USDT
38	,2025-12-23 11:28:54,Купить,982554173903	,10.13914000 USDT,89.08424815 USDT,Доступно: 89.08424815 USDT
39	,2025-12-23 11:28:54,Купить,982554173903	,10.13914000 USDT,78.94510815 USDT,Доступно: 78.94510815 USDT
40	,2025-12-23 11:28:54,Купить,982554173903	,5.96420000 USDT,68.80596815 USDT,Доступно: 68.80596815 USDT
41	,2025-12-23 11:28:54,Купить,982554173903	,5.36778000 USDT,62.84176815 USDT,Доступно: 62.84176815 USDT
42	,2025-12-23 11:28:54,Купить,982554173903	,5.96420000 USDT,57.47398815 USDT,Доступно: 57.47398815 USDT
43	,2025-12-23 11:28:04,Торговые комиссии,982558311526	,-0.000155609126 GT,1.450222256251 GT,Доступно: 1.450222256251 GT
44	,2025-12-23 11:28:04,Торговые комиссии,982558311526	,-0.001711700388 GT,1.450377865377 GT,Доступно: 1.450377865377 GT
45	,2025-12-23 11:28:04,Торговые комиссии,982558311526	,-0.002022918640 GT,1.452089565766 GT,Доступно: 1.452089565766 GT
46	,2025-12-23 11:28:04,Торговые комиссии,982558311526	,-0.000570566796 GT,1.454112484406 GT,Доступно: 1.454112484406 GT
47	,2025-12-23 11:28:04,Продажа,982558311526	,-3.000000000000 RAVE,271.000000000000 RAVE,Доступно: 0.000000000000 RAVE
48	,2025-12-23 11:28:04,Продажа,982558311526	,-33.000000000000 RAVE,274.000000000000 RAVE,Доступно: 0.000000000000 RAVE
49	,2025-12-23 11:28:04,Продажа,982558311526	,-39.000000000000 RAVE,307.000000000000 RAVE,Доступно: 0.000000000000 RAVE
50	,2025-12-23 11:28:04,Продажа,982558311526	,-11.000000000000 RAVE,346.000000000000 RAVE,Доступно: 0.000000000000 RAVE
51	,2025-12-23 11:28:04,Купить,982558311526	,1.78086000 USDT,51.50978815 USDT,Доступно: 51.50978815 USDT
52	,2025-12-23 11:28:04,Купить,982558311526	,19.58946000 USDT,49.72892815 USDT,Доступно: 49.72892815 USDT
53	,2025-12-23 11:28:04,Купить,982558311526	,23.15118000 USDT,30.13946815 USDT,Доступно: 30.13946815 USDT
54	,2025-12-23 11:28:04,Купить,982558311526	,6.52982000 USDT,6.98828815 USDT,Доступно: 6.98828815 USDT
55	,2025-12-23 11:27:59,Торговые комиссии,982558285433	,-0.000621377475 GT,1.454683051202 GT,Доступно: 1.454683051202 GT
56	,2025-12-23 11:27:59,Торговые комиссии,982558285433	,-0.003831827766 GT,1.455304428678 GT,Доступно: 1.455304428678 GT
57	,2025-12-23 11:27:59,Купить,982558285433	,12.000000000000 RAVE,357.000000000000 RAVE,Доступно: 86.000000000000 RAVE
58	,2025-12-23 11:27:59,Купить,982558285433	,74.000000000000 RAVE,345.000000000000 RAVE,Доступно: 74.000000000000 RAVE
59	,2025-12-23 11:27:59,Продажа,982558285433	,-7.11132000 USDT,0.45846815 USDT,Доступно: 0.45846815 USDT
60	,2025-12-23 11:27:59,Продажа,982558285433	,-43.85314000 USDT,7.56978815 USDT,Доступно: 0.45846815 USDT
61	,2025-12-23 11:27:24,Торговые комиссии,982558091597	,-0.004445840970 GT,1.459136256445 GT,Доступно: 1.459136256445 GT
62	,2025-12-23 11:27:24,Продажа,982558091597	,-86.000000000000 RAVE,271.000000000000 RAVE,Доступно: 0.000000000000 RAVE
63	,2025-12-23 11:27:24,Купить,982558091597	,50.88018000 USDT,51.42292815 USDT,Доступно: 51.42292815 USDT
64	,2025-12-23 11:27:20,Торговые комиссии,982558032180	,-0.001599428446 GT,1.463582097416 GT,Доступно: 1.463582097416 GT
65	,2025-12-23 11:27:20,Купить,982558032180	,31.000000000000 RAVE,357.000000000000 RAVE,Доступно: 86.000000000000 RAVE
66	,2025-12-23 11:27:20,Продажа,982558032180	,-18.30457000 USDT,0.54274815 USDT,Доступно: 0.54274815 USDT
67	,2025-12-23 11:27:19,Торговые комиссии,982558032180	,-0.000206377864 GT,1.465181525863 GT,Доступно: 1.465181525863 GT
68	,2025-12-23 11:27:19,Торговые комиссии,982558032180	,-0.000928700388 GT,1.465387903727 GT,Доступно: 1.465387903727 GT
69	,2025-12-23 11:27:19,Купить,982558032180	,4.000000000000 RAVE,326.000000000000 RAVE,Доступно: 55.000000000000 RAVE
70	,2025-12-23 11:27:19,Купить,982558032180	,18.000000000000 RAVE,322.000000000000 RAVE,Доступно: 51.000000000000 RAVE
71	,2025-12-23 11:27:19,Продажа,982558032180	,-2.36188000 USDT,18.84731815 USDT,Доступно: 0.54274815 USDT
72	,2025-12-23 11:27:19,Продажа,982558032180	,-10.62846000 USDT,21.20919815 USDT,Доступно: 0.54274815 USDT
73	,2025-12-23 11:27:18,Торговые комиссии,982558032180	,-0.001702617378 GT,1.466316604115 GT,Доступно: 1.466316604115 GT
74	,2025-12-23 11:27:18,Купить,982558032180	,33.000000000000 RAVE,304.000000000000 RAVE,Доступно: 33.000000000000 RAVE
75	,2025-12-23 11:27:18,Продажа,982558032180	,-19.48551000 USDT,31.83765815 USDT,Доступно: 0.54274815 USDT
76	,2025-12-23 11:27:05,Торговые комиссии,982557993816	,-0.000826657864 GT,1.468019221494 GT,Доступно: 1.468019221494 GT
77	,2025-12-23 11:27:05,Продажа,982557993816	,-16.000000000000 RAVE,271.000000000000 RAVE,Доступно: 0.000000000000 RAVE
78	,2025-12-23 11:27:05,Купить,982557993816	,9.46064000 USDT,51.32316815 USDT,Доступно: 51.32316815 USDT
79	,2025-12-23 11:27:04,Торговые комиссии,982557993816	,-0.003616628155 GT,1.468845879358 GT,Доступно: 1.468845879358 GT
80	,2025-12-23 11:27:04,Продажа,982557993816	,-70.000000000000 RAVE,287.000000000000 RAVE,Доступно: 0.000000000000 RAVE
81	,2025-12-23 11:27:04,Купить,982557993816	,41.39030000 USDT,41.86252815 USDT,Доступно: 41.86252815 USDT
82	,2025-12-23 11:27:00,Торговые комиссии,982557973722	,-0.002420093883 GT,1.472462507513 GT,Доступно: 1.472462507513 GT
83	,2025-12-23 11:27:00,Торговые комиссии,982557973722	,-0.001544740776 GT,1.474882601397 GT,Доступно: 1.474882601397 GT
84	,2025-12-23 11:27:00,Торговые комиссии,982557973722	,-0.000463422233 GT,1.476427342173 GT,Доступно: 1.476427342173 GT
85	,2025-12-23 11:27:00,Купить,982557973722	,47.000000000000 RAVE,357.000000000000 RAVE,Доступно: 86.000000000000 RAVE
86	,2025-12-23 11:27:00,Купить,982557973722	,30.000000000000 RAVE,310.000000000000 RAVE,Доступно: 39.000000000000 RAVE
87	,2025-12-23 11:27:00,Купить,982557973722	,9.000000000000 RAVE,280.000000000000 RAVE,Доступно: 9.000000000000 RAVE
88	,2025-12-23 11:27:00,Продажа,982557973722	,-27.69663000 USDT,0.47222815 USDT,Доступно: 0.47222815 USDT
89	,2025-12-23 11:27:00,Продажа,982557973722	,-17.67870000 USDT,28.16885815 USDT,Доступно: 0.47222815 USDT
90	,2025-12-23 11:27:00,Продажа,982557973722	,-5.30361000 USDT,45.84755815 USDT,Доступно: 0.47222815 USDT
91	,2025-12-23 11:26:52,Торговые комиссии,982557561559	,-0.004433517087 GT,1.476890764406 GT,Доступно: 1.476890764406 GT
92	,2025-12-23 11:26:52,Продажа,982557561559	,-86.000000000000 RAVE,271.000000000000 RAVE,Доступно: 0.000000000000 RAVE
93	,2025-12-23 11:26:52,Купить,982557561559	,50.73914000 USDT,51.15116815 USDT,Доступно: 51.15116815 USDT
94	,2025-12-23 11:25:25,Торговые комиссии,982557529521	,-0.004220858446 GT,1.481324281494 GT,Доступно: 1.481324281494 GT
95	,2025-12-23 11:25:25,Купить,982557529521	,82.000000000000 RAVE,357.000000000000 RAVE,Доступно: 86.000000000000 RAVE
96	,2025-12-23 11:25:25,Продажа,982557529521	,-48.30538000 USDT,0.41202815 USDT,Доступно: 0.41202815 USDT
97	,2025-12-23 11:25:24,Торговые комиссии,982557529521	,-0.000205895533 GT,1.485545139940 GT,Доступно: 1.485545139940 GT
98	,2025-12-23 11:25:24,Купить,982557529521	,4.000000000000 RAVE,275.000000000000 RAVE,Доступно: 4.000000000000 RAVE
99	,2025-12-23 11:25:24,Продажа,982557529521	,-2.35636000 USDT,48.71740815 USDT,Доступно: 0.41202815 USDT
100	,2025-12-23 11:25:08,Торговые комиссии,982557042725	,-0.004436799224 GT,1.485751035474 GT,Доступно: 1.485751035474 GT
101	,2025-12-23 11:25:08,Продажа,982557042725	,-86.000000000000 RAVE,271.000000000000 RAVE,Доступно: 0.000000000000 RAVE
102	,2025-12-23 11:25:08,Купить,982557042725	,50.82600000 USDT,51.07376815 USDT,Доступно: 51.07376815 USDT
103	,2025-12-23 11:23:39,Торговые комиссии,982557014076	,-0.004439303300 GT,1.490187834698 GT,Доступно: 1.490187834698 GT
104	,2025-12-23 11:23:39,Купить,982557014076	,86.000000000000 RAVE,357.000000000000 RAVE,Доступно: 86.000000000000 RAVE
105	,2025-12-23 11:23:39,Продажа,982557014076	,-50.80536000 USDT,0.24776815 USDT,Доступно: 0.24776815 USDT
106	,2025-12-23 11:23:11,Торговые комиссии,982556894511	,-0.004412476310 GT,1.494627137999 GT,Доступно: 1.494627137999 GT
107	,2025-12-23 11:23:11,Продажа,982556894511	,-86.000000000000 RAVE,271.000000000000 RAVE,Доступно: 0.000000000000 RAVE
108	,2025-12-23 11:23:11,Купить,982556894511	,50.49834000 USDT,51.05312815 USDT,Доступно: 51.05312815 USDT
109	,2025-12-23 11:23:06,Торговые комиссии,982556867285	,-0.004406840388 GT,1.499039614310 GT,Доступно: 1.499039614310 GT
110	,2025-12-23 11:23:06,Купить,982556867285	,86.000000000000 RAVE,357.000000000000 RAVE,Доступно: 86.000000000000 RAVE
111	,2025-12-23 11:23:06,Продажа,982556867285	,-50.43384000 USDT,0.55478815 USDT,Доступно: 0.55478815 USDT
112	,2025-12-23 11:22:54,Торговые комиссии,982556757148	,-0.000153674344 GT,1.503446454698 GT,Доступно: 1.503446454698 GT
113	,2025-12-23 11:22:54,Торговые комиссии,982556757148	,-0.000665922157 GT,1.503600129042 GT,Доступно: 1.503600129042 GT
114	,2025-12-23 11:22:54,Торговые комиссии,982556757148	,-0.000665922157 GT,1.504266051200 GT,Доступно: 1.504266051200 GT
115	,2025-12-23 11:22:54,Торговые комиссии,982556757148	,-0.000922046064 GT,1.504931973357 GT,Доступно: 1.504931973357 GT
116	,2025-12-23 11:22:54,Торговые комиссии,982556757148	,-0.001024495626 GT,1.505854019421 GT,Доступно: 1.505854019421 GT
117	,2025-12-23 11:22:54,Торговые комиссии,982556757148	,-0.001024495626 GT,1.506878515048 GT,Доступно: 1.506878515048 GT
118	,2025-12-23 11:22:54,Продажа,982556757148	,-3.000000000000 RAVE,271.000000000000 RAVE,Доступно: 0.000000000000 RAVE
119	,2025-12-23 11:22:54,Продажа,982556757148	,-13.000000000000 RAVE,274.000000000000 RAVE,Доступно: 0.000000000000 RAVE
120	,2025-12-23 11:22:54,Продажа,982556757148	,-13.000000000000 RAVE,287.000000000000 RAVE,Доступно: 0.000000000000 RAVE
121	,2025-12-23 11:22:54,Продажа,982556757148	,-18.000000000000 RAVE,300.000000000000 RAVE,Доступно: 0.000000000000 RAVE
122	,2025-12-23 11:22:54,Продажа,982556757148	,-20.000000000000 RAVE,318.000000000000 RAVE,Доступно: 0.000000000000 RAVE
123	,2025-12-23 11:22:54,Продажа,982556757148	,-20.000000000000 RAVE,338.000000000000 RAVE,Доступно: 0.000000000000 RAVE
124	,2025-12-23 11:22:54,Купить,982556757148	,1.75701000 USDT,50.98862815 USDT,Доступно: 50.98862815 USDT
125	,2025-12-23 11:22:54,Купить,982556757148	,7.61371000 USDT,49.23161815 USDT,Доступно: 49.23161815 USDT
126	,2025-12-23 11:22:54,Купить,982556757148	,7.61371000 USDT,41.61790815 USDT,Доступно: 41.61790815 USDT
127	,2025-12-23 11:22:54,Купить,982556757148	,10.54206000 USDT,34.00419815 USDT,Доступно: 34.00419815 USDT
128	,2025-12-23 11:22:54,Купить,982556757148	,11.71340000 USDT,23.46213815 USDT,Доступно: 23.46213815 USDT
129	,2025-12-23 11:22:54,Купить,982556757148	,11.71340000 USDT,11.74873815 USDT,Доступно: 11.74873815 USDT
130	,2025-12-23 11:22:41,Торговые комиссии,982556741270	,-0.000255857142 GT,1.507903010675 GT,Доступно: 1.507903010675 GT
131	,2025-12-23 11:22:41,Торговые комиссии,982556741270	,-0.000869914285 GT,1.508158867818 GT,Доступно: 1.508158867818 GT
132	,2025-12-23 11:22:41,Торговые комиссии,982556741270	,-0.000869914285 GT,1.509028782104 GT,Доступно: 1.509028782104 GT
133	,2025-12-23 11:22:41,Торговые комиссии,982556741270	,-0.000869914285 GT,1.509898696389 GT,Доступно: 1.509898696389 GT
134	,2025-12-23 11:22:41,Торговые комиссии,982556741270	,-0.000511714285 GT,1.510768610675 GT,Доступно: 1.510768610675 GT
135	,2025-12-23 11:22:41,Купить,982556741270	,5.000000000000 RAVE,358.000000000000 RAVE,Доступно: 87.000000000000 RAVE
136	,2025-12-23 11:22:41,Купить,982556741270	,17.000000000000 RAVE,353.000000000000 RAVE,Доступно: 82.000000000000 RAVE
137	,2025-12-23 11:22:41,Купить,982556741270	,17.000000000000 RAVE,336.000000000000 RAVE,Доступно: 65.000000000000 RAVE
138	,2025-12-23 11:22:41,Купить,982556741270	,17.000000000000 RAVE,319.000000000000 RAVE,Доступно: 48.000000000000 RAVE
139	,2025-12-23 11:22:41,Купить,982556741270	,10.000000000000 RAVE,302.000000000000 RAVE,Доступно: 31.000000000000 RAVE
140	,2025-12-23 11:22:41,Продажа,982556741270	,-2.92530000 USDT,0.03533815 USDT,Доступно: 0.03533815 USDT
141	,2025-12-23 11:22:41,Продажа,982556741270	,-9.94602000 USDT,2.96063815 USDT,Доступно: 0.03533815 USDT
142	,2025-12-23 11:22:41,Продажа,982556741270	,-9.94602000 USDT,12.90665815 USDT,Доступно: 0.03533815 USDT
143	,2025-12-23 11:22:41,Продажа,982556741270	,-9.94602000 USDT,22.85267815 USDT,Доступно: 0.03533815 USDT
144	,2025-12-23 11:22:41,Продажа,982556741270	,-5.85060000 USDT,32.79869815 USDT,Доступно: 0.03533815 USDT
145	,2025-12-23 11:22:40,Торговые комиссии,982556741270	,-0.001074599999 GT,1.511280324961 GT,Доступно: 1.511280324961 GT
146	,2025-12-23 11:22:40,Купить,982556741270	,21.000000000000 RAVE,292.000000000000 RAVE,Доступно: 21.000000000000 RAVE
147	,2025-12-23 11:22:40,Продажа,982556741270	,-12.28626000 USDT,38.64929815 USDT,Доступно: 0.03533815 USDT
148	,2025-12-23 11:21:45,Торговые комиссии,982556374079	,-0.000306765175 GT,1.512354924961 GT,Доступно: 1.512354924961 GT
149	,2025-12-23 11:21:45,Торговые комиссии,982556374079	,-0.000562402821 GT,1.512661690136 GT,Доступно: 1.512661690136 GT
150	,2025-12-23 11:21:45,Торговые комиссии,982556374079	,-0.000562402821 GT,1.513224092957 GT,Доступно: 1.513224092957 GT
151	,2025-12-23 11:21:45,Торговые комиссии,982556374079	,-0.000562402821 GT,1.513786495778 GT,Доступно: 1.513786495778 GT
152	,2025-12-23 11:21:45,Торговые комиссии,982556374079	,-0.002454121400 GT,1.514348898599 GT,Доступно: 1.514348898599 GT
153	,2025-12-23 11:21:45,Продажа,982556374079	,-6.000000000000 RAVE,271.000000000000 RAVE,Доступно: 0.000000000000 RAVE
154	,2025-12-23 11:21:45,Продажа,982556374079	,-11.000000000000 RAVE,277.000000000000 RAVE,Доступно: 0.000000000000 RAVE
155	,2025-12-23 11:21:45,Продажа,982556374079	,-11.000000000000 RAVE,288.000000000000 RAVE,Доступно: 0.000000000000 RAVE
156	,2025-12-23 11:21:45,Продажа,982556374079	,-11.000000000000 RAVE,299.000000000000 RAVE,Доступно: 0.000000000000 RAVE
157	,2025-12-23 11:21:45,Продажа,982556374079	,-48.000000000000 RAVE,310.000000000000 RAVE,Доступно: 0.000000000000 RAVE
158	,2025-12-23 11:21:45,Купить,982556374079	,3.50394000 USDT,50.93555815 USDT,Доступно: 50.93555815 USDT
159	,2025-12-23 11:21:45,Купить,982556374079	,6.42389000 USDT,47.43161815 USDT,Доступно: 47.43161815 USDT
160	,2025-12-23 11:21:45,Купить,982556374079	,6.42389000 USDT,41.00772815 USDT,Доступно: 41.00772815 USDT
161	,2025-12-23 11:21:45,Купить,982556374079	,6.42389000 USDT,34.58383815 USDT,Доступно: 34.58383815 USDT
162	,2025-12-23 11:21:45,Купить,982556374079	,28.03152000 USDT,28.15994815 USDT,Доступно: 28.15994815 USDT
163	,2025-12-23 11:21:15,Торговые комиссии,982556326980	,-0.003522181517 GT,1.516803020000 GT,Доступно: 1.516803020000 GT
164	,2025-12-23 11:21:15,Торговые комиссии,982556326980	,-0.000918341439 GT,1.520325201517 GT,Доступно: 1.520325201517 GT
165	,2025-12-23 11:21:15,Купить,982556326980	,69.000000000000 RAVE,358.000000000000 RAVE,Доступно: 87.000000000000 RAVE
166	,2025-12-23 11:21:15,Купить,982556326980	,18.000000000000 RAVE,289.000000000000 RAVE,Доступно: 18.000000000000 RAVE
167	,2025-12-23 11:21:15,Продажа,982556326980	,-40.23114000 USDT,0.12842815 USDT,Доступно: 0.09587815 USDT
168	,2025-12-23 11:21:15,Продажа,982556326980	,-10.48950000 USDT,40.35956815 USDT,Доступно: 0.09587815 USDT
169	,2025-12-23 11:21:09,Торговые комиссии,982556183753	,-0.000716606614 GT,1.521243542957 GT,Доступно: 1.521243542957 GT
170	,2025-12-23 11:21:09,Торговые комиссии,982556183753	,-0.000409489494 GT,1.521960149572 GT,Доступно: 1.521960149572 GT
171	,2025-12-23 11:21:09,Торговые комиссии,982556183753	,-0.000511861867 GT,1.522369639066 GT,Доступно: 1.522369639066 GT
172	,2025-12-23 11:21:09,Торговые комиссии,982556183753	,-0.000409489494 GT,1.522881500934 GT,Доступно: 1.522881500934 GT
173	,2025-12-23 11:21:09,Торговые комиссии,982556183753	,-0.000511861867 GT,1.523290990428 GT,Доступно: 1.523290990428 GT
174	,2025-12-23 11:21:09,Торговые комиссии,982556262705	,-0.000102256809 GT,1.523802852295 GT,Доступно: 1.523802852295 GT
175	,2025-12-23 11:21:09,Торговые комиссии,982556262705	,-0.000562412451 GT,1.523905109105 GT,Доступно: 1.523905109105 GT
176	,2025-12-23 11:21:09,Продажа,982556183753	,-14.000000000000 RAVE,271.000000000000 RAVE,Доступно: 0.000000000000 RAVE
177	,2025-12-23 11:21:09,Продажа,982556183753	,-8.000000000000 RAVE,285.000000000000 RAVE,Доступно: 0.000000000000 RAVE
178	,2025-12-23 11:21:09,Продажа,982556183753	,-10.000000000000 RAVE,293.000000000000 RAVE,Доступно: 0.000000000000 RAVE
179	,2025-12-23 11:21:09,Продажа,982556183753	,-8.000000000000 RAVE,303.000000000000 RAVE,Доступно: 0.000000000000 RAVE
180	,2025-12-23 11:21:09,Продажа,982556183753	,-10.000000000000 RAVE,311.000000000000 RAVE,Доступно: 0.000000000000 RAVE
181	,2025-12-23 11:21:09,Продажа,982556262705	,-2.000000000000 RAVE,321.000000000000 RAVE,Доступно: 0.000000000000 RAVE
182	,2025-12-23 11:21:09,Продажа,982556262705	,-11.000000000000 RAVE,323.000000000000 RAVE,Доступно: 0.000000000000 RAVE
183	,2025-12-23 11:21:09,Купить,982556183753	,8.18524000 USDT,50.84906815 USDT,Доступно: 50.84906815 USDT
184	,2025-12-23 11:21:09,Купить,982556183753	,4.67728000 USDT,42.66382815 USDT,Доступно: 42.66382815 USDT
185	,2025-12-23 11:21:09,Купить,982556183753	,5.84660000 USDT,37.98654815 USDT,Доступно: 37.98654815 USDT
186	,2025-12-23 11:21:09,Купить,982556183753	,4.67728000 USDT,32.13994815 USDT,Доступно: 32.13994815 USDT
187	,2025-12-23 11:21:09,Купить,982556183753	,5.84660000 USDT,27.46266815 USDT,Доступно: 27.46266815 USDT
188	,2025-12-23 11:21:09,Купить,982556262705	,1.16800000 USDT,21.61606815 USDT,Доступно: 21.61606815 USDT
189	,2025-12-23 11:21:09,Купить,982556262705	,6.42400000 USDT,20.44806815 USDT,Доступно: 20.44806815 USDT
190	,2025-12-23 11:21:07,Торговые комиссии,982556262705	,-0.001227081712 GT,1.524467521556 GT,Доступно: 1.524467521556 GT
191	,2025-12-23 11:21:07,Продажа,982556262705	,-24.000000000000 RAVE,334.000000000000 RAVE,Доступно: 0.000000000000 RAVE
192	,2025-12-23 11:21:07,Купить,982556262705	,14.01600000 USDT,14.02406815 USDT,Доступно: 14.02406815 USDT
193	,2025-12-23 11:20:44,Торговые комиссии,982556159195	,-0.000358015272 GT,1.525694603268 GT,Доступно: 1.525694603268 GT
194	,2025-12-23 11:20:44,Торговые комиссии,982556159195	,-0.000511450389 GT,1.526052618541 GT,Доступно: 1.526052618541 GT
195	,2025-12-23 11:20:44,Торговые комиссии,982556159195	,-0.000511450389 GT,1.526564068930 GT,Доступно: 1.526564068930 GT
196	,2025-12-23 11:20:44,Торговые комиссии,982556159195	,-0.000511450389 GT,1.527075519319 GT,Доступно: 1.527075519319 GT
197	,2025-12-23 11:20:44,Торговые комиссии,982556159195	,-0.001329771011 GT,1.527586969708 GT,Доступно: 1.527586969708 GT
198	,2025-12-23 11:20:44,Торговые комиссии,982556159195	,-0.000818320622 GT,1.528916740719 GT,Доступно: 1.528916740719 GT
199	,2025-12-23 11:20:44,Купить,982556159195	,7.000000000000 RAVE,358.000000000000 RAVE,Доступно: 87.000000000000 RAVE
200	,2025-12-23 11:20:44,Купить,982556159195	,10.000000000000 RAVE,351.000000000000 RAVE,Доступно: 80.000000000000 RAVE
201	,2025-12-23 11:20:44,Купить,982556159195	,10.000000000000 RAVE,341.000000000000 RAVE,Доступно: 70.000000000000 RAVE
202	,2025-12-23 11:20:44,Купить,982556159195	,10.000000000000 RAVE,331.000000000000 RAVE,Доступно: 60.000000000000 RAVE
203	,2025-12-23 11:20:44,Купить,982556159195	,26.000000000000 RAVE,321.000000000000 RAVE,Доступно: 50.000000000000 RAVE
204	,2025-12-23 11:20:44,Купить,982556159195	,16.000000000000 RAVE,295.000000000000 RAVE,Доступно: 24.000000000000 RAVE
205	,2025-12-23 11:20:44,Продажа,982556159195	,-4.08933000 USDT,0.00806815 USDT,Доступно: 0.00806815 USDT
206	,2025-12-23 11:20:44,Продажа,982556159195	,-5.84190000 USDT,4.09739815 USDT,Доступно: 0.00806815 USDT
207	,2025-12-23 11:20:44,Продажа,982556159195	,-5.84190000 USDT,9.93929815 USDT,Доступно: 0.00806815 USDT
208	,2025-12-23 11:20:44,Продажа,982556159195	,-5.84190000 USDT,15.78119815 USDT,Доступно: 0.00806815 USDT
209	,2025-12-23 11:20:44,Продажа,982556159195	,-15.18894000 USDT,21.62309815 USDT,Доступно: 0.00806815 USDT
210	,2025-12-23 11:20:44,Продажа,982556159195	,-9.34704000 USDT,36.81203815 USDT,Доступно: 0.00806815 USDT
211	,2025-12-23 11:20:43,Торговые комиссии,982556159195	,-0.000409160311 GT,1.529735061342 GT,Доступно: 1.529735061342 GT
212	,2025-12-23 11:20:43,Купить,982556159195	,8.000000000000 RAVE,279.000000000000 RAVE,Доступно: 8.000000000000 RAVE
213	,2025-12-23 11:20:43,Продажа,982556159195	,-4.67352000 USDT,46.15907815 USDT,Доступно: 0.00806815 USDT
214	,2025-12-23 11:20:27,Торговые комиссии,982555931667	,-0.000306292412 GT,1.530144221653 GT,Доступно: 1.530144221653 GT
215	,2025-12-23 11:20:27,Торговые комиссии,982555931667	,-0.004134947568 GT,1.530450514066 GT,Доступно: 1.530450514066 GT
216	,2025-12-23 11:20:27,Продажа,982555931667	,-6.000000000000 RAVE,271.000000000000 RAVE,Доступно: 0.000000000000 RAVE
217	,2025-12-23 11:20:27,Продажа,982555931667	,-81.000000000000 RAVE,277.000000000000 RAVE,Доступно: 0.000000000000 RAVE
218	,2025-12-23 11:20:27,Купить,982555931667	,3.49854000 USDT,50.83259815 USDT,Доступно: 50.83259815 USDT
219	,2025-12-23 11:20:27,Купить,982555931667	,47.23029000 USDT,47.33405815 USDT,Доступно: 47.33405815 USDT
220	,2025-12-23 11:20:00,Торговые комиссии,982555908017	,-0.001020099221 GT,1.534585461634 GT,Доступно: 1.534585461634 GT
221	,2025-12-23 11:20:00,Торговые комиссии,982555908017	,-0.000612059533 GT,1.535605560856 GT,Доступно: 1.535605560856 GT
222	,2025-12-23 11:20:00,Торговые комиссии,982555908017	,-0.000510049610 GT,1.536217620389 GT,Доступно: 1.536217620389 GT
223	,2025-12-23 11:20:00,Торговые комиссии,982555908017	,-0.000612059533 GT,1.536727670000 GT,Доступно: 1.536727670000 GT
224	,2025-12-23 11:20:00,Торговые комиссии,982555908017	,-0.000357034727 GT,1.537339729533 GT,Доступно: 1.537339729533 GT
225	,2025-12-23 11:20:00,Торговые комиссии,982555908017	,-0.000459044649 GT,1.537696764260 GT,Доступно: 1.537696764260 GT
226	,2025-12-23 11:20:00,Торговые комиссии,982555908017	,-0.000459044649 GT,1.538155808910 GT,Доступно: 1.538155808910 GT
227	,2025-12-23 11:20:00,Торговые комиссии,982555908017	,-0.000408039688 GT,1.538614853560 GT,Доступно: 1.538614853560 GT
228	,2025-12-23 11:20:00,Купить,982555908017	,20.000000000000 RAVE,358.000000000000 RAVE,Доступно: 87.000000000000 RAVE
229	,2025-12-23 11:20:00,Купить,982555908017	,12.000000000000 RAVE,338.000000000000 RAVE,Доступно: 67.000000000000 RAVE
230	,2025-12-23 11:20:00,Купить,982555908017	,10.000000000000 RAVE,326.000000000000 RAVE,Доступно: 55.000000000000 RAVE
231	,2025-12-23 11:20:00,Купить,982555908017	,12.000000000000 RAVE,316.000000000000 RAVE,Доступно: 45.000000000000 RAVE
232	,2025-12-23 11:20:00,Купить,982555908017	,7.000000000000 RAVE,304.000000000000 RAVE,Доступно: 33.000000000000 RAVE
233	,2025-12-23 11:20:00,Купить,982555908017	,9.000000000000 RAVE,297.000000000000 RAVE,Доступно: 26.000000000000 RAVE
234	,2025-12-23 11:20:00,Купить,982555908017	,9.000000000000 RAVE,288.000000000000 RAVE,Доступно: 17.000000000000 RAVE
235	,2025-12-23 11:20:00,Купить,982555908017	,8.000000000000 RAVE,279.000000000000 RAVE,Доступно: 8.000000000000 RAVE
236	,2025-12-23 11:20:00,Продажа,982555908017	,-11.65180000 USDT,0.10376815 USDT,Доступно: 0.10376815 USDT
237	,2025-12-23 11:20:00,Продажа,982555908017	,-6.99108000 USDT,11.75556815 USDT,Доступно: 0.10376815 USDT
238	,2025-12-23 11:20:00,Продажа,982555908017	,-5.82590000 USDT,18.74664815 USDT,Доступно: 0.10376815 USDT
239	,2025-12-23 11:20:00,Продажа,982555908017	,-6.99108000 USDT,24.57254815 USDT,Доступно: 0.10376815 USDT
240	,2025-12-23 11:20:00,Продажа,982555908017	,-4.07813000 USDT,31.56362815 USDT,Доступно: 0.10376815 USDT
241	,2025-12-23 11:20:00,Продажа,982555908017	,-5.24331000 USDT,35.64175815 USDT,Доступно: 0.10376815 USDT
242	,2025-12-23 11:20:00,Продажа,982555908017	,-5.24331000 USDT,40.88506815 USDT,Доступно: 0.10376815 USDT
243	,2025-12-23 11:20:00,Продажа,982555908017	,-4.66072000 USDT,46.12837815 USDT,Доступно: 0.10376815 USDT
244	,2025-12-23 11:19:55,Торговые комиссии,982555709873	,-0.003988015564 GT,1.539022893249 GT,Доступно: 1.539022893249 GT
245	,2025-12-23 11:19:55,Торговые комиссии,982555709873	,-0.000409027237 GT,1.543010908813 GT,Доступно: 1.543010908813 GT
246	,2025-12-23 11:19:55,Продажа,982555709873	,-78.000000000000 RAVE,271.000000000000 RAVE,Доступно: 0.000000000000 RAVE
247	,2025-12-23 11:19:55,Продажа,982555709873	,-8.000000000000 RAVE,349.000000000000 RAVE,Доступно: 0.000000000000 RAVE
248	,2025-12-23 11:19:55,Купить,982555709873	,45.55200000 USDT,50.78909815 USDT,Доступно: 50.78909815 USDT
249	,2025-12-23 11:19:55,Купить,982555709873	,4.67200000 USDT,5.23709815 USDT,Доступно: 5.23709815 USDT
250	,2025-12-23 11:19:12,Торговые комиссии,982555676699	,-0.004383517784 GT,1.543419936050 GT,Доступно: 1.543419936050 GT
251	,2025-12-23 11:19:12,Купить,982555676699	,86.000000000000 RAVE,357.000000000000 RAVE,Доступно: 86.000000000000 RAVE
252	,2025-12-23 11:19:12,Продажа,982555676699	,-50.11822000 USDT,0.56509815 USDT,Доступно: 0.56509815 USDT
253	,2025-12-23 11:19:04,Торговые комиссии,982555649181	,-0.000305648396 GT,1.547803453834 GT,Доступно: 1.547803453834 GT
254	,2025-12-23 11:19:04,Торговые комиссии,982555649181	,-0.000916945189 GT,1.548109102231 GT,Доступно: 1.548109102231 GT
255	,2025-12-23 11:19:04,Торговые комиссии,982555649181	,-0.001018827988 GT,1.549026047420 GT,Доступно: 1.549026047420 GT
256	,2025-12-23 11:19:04,Торговые комиссии,982555649181	,-0.001018827988 GT,1.550044875409 GT,Доступно: 1.550044875409 GT
257	,2025-12-23 11:19:04,Торговые комиссии,982555649181	,-0.001171652186 GT,1.551063703397 GT,Доступно: 1.551063703397 GT
258	,2025-12-23 11:19:04,Продажа,982555649181	,-6.000000000000 RAVE,271.000000000000 RAVE,Доступно: 0.000000000000 RAVE
259	,2025-12-23 11:19:04,Продажа,982555649181	,-18.000000000000 RAVE,277.000000000000 RAVE,Доступно: 0.000000000000 RAVE
260	,2025-12-23 11:19:04,Продажа,982555649181	,-20.000000000000 RAVE,295.000000000000 RAVE,Доступно: 0.000000000000 RAVE
261	,2025-12-23 11:19:04,Продажа,982555649181	,-20.000000000000 RAVE,315.000000000000 RAVE,Доступно: 0.000000000000 RAVE
262	,2025-12-23 11:19:04,Продажа,982555649181	,-23.000000000000 RAVE,335.000000000000 RAVE,Доступно: 0.000000000000 RAVE
263	,2025-12-23 11:19:04,Купить,982555649181	,3.49458000 USDT,50.68331815 USDT,Доступно: 50.68331815 USDT
264	,2025-12-23 11:19:04,Купить,982555649181	,10.48374000 USDT,47.18873815 USDT,Доступно: 47.18873815 USDT
265	,2025-12-23 11:19:04,Купить,982555649181	,11.64860000 USDT,36.70499815 USDT,Доступно: 36.70499815 USDT
266	,2025-12-23 11:19:04,Купить,982555649181	,11.64860000 USDT,25.05639815 USDT,Доступно: 25.05639815 USDT
267	,2025-12-23 11:19:04,Купить,982555649181	,13.39589000 USDT,13.40779815 USDT,Доступно: 13.40779815 USDT
268	,2025-12-23 11:19:01,Торговые комиссии,982555630264	,-0.001933712536 GT,1.552235355584 GT,Доступно: 1.552235355584 GT
269	,2025-12-23 11:19:01,Торговые комиссии,982555630264	,-0.002493471428 GT,1.554169068120 GT,Доступно: 1.554169068120 GT
270	,2025-12-23 11:19:01,Купить,982555630264	,38.000000000000 RAVE,358.000000000000 RAVE,Доступно: 87.000000000000 RAVE
271	,2025-12-23 11:19:01,Купить,982555630264	,49.000000000000 RAVE,320.000000000000 RAVE,Доступно: 49.000000000000 RAVE
272	,2025-12-23 11:19:01,Продажа,982555630264	,-22.10878000 USDT,0.01190815 USDT,Доступно: 0.01190815 USDT
273	,2025-12-23 11:19:01,Продажа,982555630264	,-28.50869000 USDT,22.12068815 USDT,Доступно: 0.01190815 USDT
274	,2025-12-23 11:18:38,Торговые комиссии,982555355468	,-0.000355487755 GT,1.556662539549 GT,Доступно: 1.556662539549 GT
275	,2025-12-23 11:18:38,Торговые комиссии,982555355468	,-0.000406271720 GT,1.557018027304 GT,Доступно: 1.557018027304 GT
276	,2025-12-23 11:18:38,Торговые комиссии,982555355468	,-0.003656445481 GT,1.557424299024 GT,Доступно: 1.557424299024 GT
277	,2025-12-23 11:18:38,Продажа,982555355468	,-7.000000000000 RAVE,271.000000000000 RAVE,Доступно: 0.000000000000 RAVE
278	,2025-12-23 11:18:38,Продажа,982555355468	,-8.000000000000 RAVE,278.000000000000 RAVE,Доступно: 0.000000000000 RAVE
279	,2025-12-23 11:18:38,Продажа,982555355468	,-72.000000000000 RAVE,286.000000000000 RAVE,Доступно: 0.000000000000 RAVE
280	,2025-12-23 11:18:38,Купить,982555355468	,4.06441000 USDT,50.62937815 USDT,Доступно: 50.62937815 USDT
281	,2025-12-23 11:18:38,Купить,982555355468	,4.64504000 USDT,46.56496815 USDT,Доступно: 46.56496815 USDT
282	,2025-12-23 11:18:38,Купить,982555355468	,41.80536000 USDT,41.91992815 USDT,Доступно: 41.91992815 USDT
283	,2025-12-23 11:18:07,Торговые комиссии,982555319717	,-0.000811989105 GT,1.561080744505 GT,Доступно: 1.561080744505 GT
284	,2025-12-23 11:18:07,Торговые комиссии,982555319717	,-0.003603201653 GT,1.561892733610 GT,Доступно: 1.561892733610 GT
285	,2025-12-23 11:18:07,Купить,982555319717	,16.000000000000 RAVE,358.000000000000 RAVE,Доступно: 87.000000000000 RAVE
286	,2025-12-23 11:18:07,Купить,982555319717	,71.000000000000 RAVE,342.000000000000 RAVE,Доступно: 71.000000000000 RAVE
287	,2025-12-23 11:18:07,Продажа,982555319717	,-9.27472000 USDT,0.11456815 USDT,Доступно: 0.11456815 USDT
288	,2025-12-23 11:18:07,Продажа,982555319717	,-41.15657000 USDT,9.38928815 USDT,Доступно: 0.11456815 USDT
289	,2025-12-23 11:17:56,Торговые комиссии,982554691100	,-0.001503595330 GT,1.565495935264 GT,Доступно: 1.565495935264 GT
290	,2025-12-23 11:17:56,Торговые комиссии,982554691100	,-0.000451078599 GT,1.566999530595 GT,Доступно: 1.566999530595 GT
291	,2025-12-23 11:17:56,Торговые комиссии,982554691100	,-0.000400958754 GT,1.567450609194 GT,Доступно: 1.567450609194 GT
292	,2025-12-23 11:17:56,Торговые комиссии,982554691100	,-0.000451078599 GT,1.567851567949 GT,Доступно: 1.567851567949 GT
293	,2025-12-23 11:17:56,Продажа,982554691100	,-30.000000000000 RAVE,271.000000000000 RAVE,Доступно: 0.000000000000 RAVE
294	,2025-12-23 11:17:56,Продажа,982554691100	,-9.000000000000 RAVE,301.000000000000 RAVE,Доступно: 0.000000000000 RAVE
295	,2025-12-23 11:17:56,Продажа,982554691100	,-8.000000000000 RAVE,310.000000000000 RAVE,Доступно: 0.000000000000 RAVE
296	,2025-12-23 11:17:56,Продажа,982554691100	,-9.000000000000 RAVE,318.000000000000 RAVE,Доступно: 0.000000000000 RAVE
297	,2025-12-23 11:17:56,Купить,982554691100	,17.17440000 USDT,50.54585815 USDT,Доступно: 50.54585815 USDT
298	,2025-12-23 11:17:56,Купить,982554691100	,5.15232000 USDT,33.37145815 USDT,Доступно: 33.37145815 USDT
299	,2025-12-23 11:17:56,Купить,982554691100	,4.57984000 USDT,28.21913815 USDT,Доступно: 28.21913815 USDT
300	,2025-12-23 11:17:56,Купить,982554691100	,5.15232000 USDT,23.63929815 USDT,Доступно: 23.63929815 USDT
301	,2025-12-23 11:17:45,Торговые комиссии,982554985432	,-0.001600249027 GT,1.568302646548 GT,Доступно: 1.568302646548 GT
302	,2025-12-23 11:17:45,Продажа,982554985432	,-32.000000000000 RAVE,327.000000000000 RAVE,Доступно: 0.000000000000 RAVE
303	,2025-12-23 11:17:45,Купить,982554985432	,18.27840000 USDT,18.48697815 USDT,Доступно: 18.48697815 USDT
304	,2025-12-23 11:16:20,Торговые комиссии,982554645169	,-0.000800614785 GT,1.569902895575 GT,Доступно: 1.569902895575 GT
305	,2025-12-23 11:16:20,Торговые комиссии,982554645169	,-0.000800614785 GT,1.570703510361 GT,Доступно: 1.570703510361 GT
306	,2025-12-23 11:16:20,Купить,982554645169	,16.000000000000 RAVE,359.000000000000 RAVE,Доступно: 32.000000000000 RAVE
307	,2025-12-23 11:16:20,Купить,982554645169	,16.000000000000 RAVE,343.000000000000 RAVE,Доступно: 72.000000000000 RAVE
308	,2025-12-23 11:16:20,Продажа,982554645169	,-9.14480000 USDT,0.20857815 USDT,Доступно: 0.20857815 USDT
309	,2025-12-23 11:16:20,Продажа,982554645169	,-9.14480000 USDT,9.35337815 USDT,Доступно: 0.20857815 USDT
310	,2025-12-23 11:16:13,Торговые комиссии,982554645169	,-0.001300999027 GT,1.571504125147 GT,Доступно: 1.571504125147 GT
311	,2025-12-23 11:16:13,Купить,982554645169	,26.000000000000 RAVE,327.000000000000 RAVE,Доступно: 56.000000000000 RAVE
312	,2025-12-23 11:16:13,Продажа,982554645169	,-14.86030000 USDT,18.49817815 USDT,Доступно: 0.20857815 USDT
313	,2025-12-23 11:15:57,Торговые комиссии,982554540751	,-0.002892072957 GT,1.572805124174 GT,Доступно: 1.572805124174 GT
314	,2025-12-23 11:15:57,Продажа,982554540751	,-58.000000000000 RAVE,301.000000000000 RAVE,Доступно: 30.000000000000 RAVE
315	,2025-12-23 11:15:57,Купить,982554540751	,33.03390000 USDT,33.35847815 USDT,Доступно: 33.35847815 USDT
316	,2025-12-23 11:15:56,Торговые комиссии,982554486418	,-0.001045585505 GT,1.575697197132 GT,Доступно: 1.575697197132 GT
317	,2025-12-23 11:15:56,Торговые комиссии,982554486418	,-0.000448108073 GT,1.576742782637 GT,Доступно: 1.576742782637 GT
318	,2025-12-23 11:15:56,Купить,982554486418	,21.000000000000 RAVE,359.000000000000 RAVE,Доступно: 30.000000000000 RAVE
319	,2025-12-23 11:15:56,Купить,982554486418	,9.000000000000 RAVE,338.000000000000 RAVE,Доступно: 9.000000000000 RAVE
320	,2025-12-23 11:15:56,Продажа,982554486418	,-11.94291000 USDT,0.32457815 USDT,Доступно: 0.32457815 USDT
321	,2025-12-23 11:15:56,Продажа,982554486418	,-5.11839000 USDT,12.26748815 USDT,Доступно: 0.32457815 USDT
322	,2025-12-23 11:15:43,Торговые комиссии,982554486418	,-0.002487069970 GT,1.577190890711 GT,Доступно: 1.577190890711 GT
323	,2025-12-23 11:15:43,Купить,982554486418	,50.000000000000 RAVE,329.000000000000 RAVE,Доступно: 58.000000000000 RAVE
324	,2025-12-23 11:15:43,Продажа,982554486418	,-28.43550000 USDT,17.38587815 USDT,Доступно: 0.32457815 USDT
325	,2025-12-23 11:15:24,Торговые комиссии,982554392591	,-0.000397470817 GT,1.579677960682 GT,Доступно: 1.579677960682 GT
326	,2025-12-23 11:15:24,Купить,982554392591	,8.000000000000 RAVE,279.000000000000 RAVE,Доступно: 8.000000000000 RAVE
327	,2025-12-23 11:15:24,Продажа,982554392591	,-4.54000000 USDT,45.82137815 USDT,Доступно: 0.42137815 USDT
328	,2025-12-23 11:14:01,Торговые комиссии,982027225975	,-0.004371408560 GT,1.580075431499 GT,Доступно: 1.580075431499 GT
329	,2025-12-23 11:14:01,Продажа,982027225975	,-88.000000000000 RAVE,271.000000000000 RAVE,Доступно: 0.000000000000 RAVE
330	,2025-12-23 11:14:01,Купить,982027225975	,49.93120000 USDT,50.36137815 USDT,Доступно: 50.36137815 USDT
331	,2025-12-23 11:03:03,Торговые комиссии,982550393394	,-0.004625229571 GT,1.584446840060 GT,Доступно: 1.584446840060 GT
332	,2025-12-23 11:03:03,Купить,982550393394	,89.000000000000 RAVE,359.000000000000 RAVE,Доступно: 89.000000000000 RAVE
333	,2025-12-23 11:03:03,Продажа,982550393394	,-52.83040000 USDT,0.43017815 USDT,Доступно: 0.43017815 USDT
334	,2025-12-23 11:02:49,Торговые комиссии,982544883818	,-0.004497933852 GT,1.589072069632 GT,Доступно: 1.589072069632 GT
335	,2025-12-23 11:02:49,Торговые комиссии,982544883818	,-0.000156904669 GT,1.593570003484 GT,Доступно: 1.593570003484 GT
336	,2025-12-23 11:02:49,Продажа,982544883818	,-86.000000000000 RAVE,270.000000000000 RAVE,Доступно: 0.000000000000 RAVE
337	,2025-12-23 11:02:49,Продажа,982544883818	,-3.000000000000 RAVE,356.000000000000 RAVE,Доступно: 0.000000000000 RAVE
338	,2025-12-23 11:02:49,Купить,982544883818	,51.37640000 USDT,53.26057815 USDT,Доступно: 53.26057815 USDT
339	,2025-12-23 11:02:49,Купить,982544883818	,1.79220000 USDT,1.88417815 USDT,Доступно: 1.88417815 USDT
340	,2025-12-23 10:45:15,Торговые комиссии,982544796814	,-0.000522297376 GT,1.593726908153 GT,Доступно: 1.593726908153 GT
341	,2025-12-23 10:45:15,Купить,982544796814	,10.000000000000 RAVE,359.000000000000 RAVE,Доступно: 89.000000000000 RAVE
342	,2025-12-23 10:45:15,Продажа,982544796814	,-5.97160000 USDT,0.09197815 USDT,Доступно: 0.09197815 USDT
343	,2025-12-23 10:45:14,Торговые комиссии,982544796814	,-0.001096824489 GT,1.594249205529 GT,Доступно: 1.594249205529 GT
344	,2025-12-23 10:45:14,Купить,982544796814	,21.000000000000 RAVE,349.000000000000 RAVE,Доступно: 79.000000000000 RAVE
345	,2025-12-23 10:45:14,Продажа,982544796814	,-12.54036000 USDT,6.06357815 USDT,Доступно: 0.09197815 USDT
346	,2025-12-23 10:45:11,Торговые комиссии,982544796814	,-0.001723581341 GT,1.595346030019 GT,Доступно: 1.595346030019 GT
347	,2025-12-23 10:45:11,Торговые комиссии,982544796814	,-0.001305743440 GT,1.597069611360 GT,Доступно: 1.597069611360 GT
348	,2025-12-23 10:45:11,Купить,982544796814	,33.000000000000 RAVE,328.000000000000 RAVE,Доступно: 58.000000000000 RAVE
349	,2025-12-23 10:45:11,Купить,982544796814	,25.000000000000 RAVE,295.000000000000 RAVE,Доступно: 25.000000000000 RAVE
350	,2025-12-23 10:45:11,Продажа,982544796814	,-19.70628000 USDT,18.60393815 USDT,Доступно: 0.09197815 USDT
351	,2025-12-23 10:45:11,Продажа,982544796814	,-14.92900000 USDT,38.31021815 USDT,Доступно: 0.09197815 USDT
352	,2025-12-23 10:45:00,Торговые комиссии,982544755842	,-0.000156917801 GT,1.598375354800 GT,Доступно: 1.598375354800 GT
353	,2025-12-23 10:45:00,Торговые комиссии,982544755842	,-0.002249155155 GT,1.598532272602 GT,Доступно: 1.598532272602 GT
354	,2025-12-23 10:45:00,Торговые комиссии,982544755842	,-0.002249155155 GT,1.600781427757 GT,Доступно: 1.600781427757 GT
355	,2025-12-23 10:45:00,Продажа,982544755842	,-3.000000000000 RAVE,270.000000000000 RAVE,Доступно: 0.000000000000 RAVE
356	,2025-12-23 10:45:00,Продажа,982544755842	,-43.000000000000 RAVE,273.000000000000 RAVE,Доступно: 0.000000000000 RAVE
357	,2025-12-23 10:45:00,Продажа,982544755842	,-43.000000000000 RAVE,316.000000000000 RAVE,Доступно: 0.000000000000 RAVE
358	,2025-12-23 10:45:00,Купить,982544755842	,1.79235000 USDT,53.23921815 USDT,Доступно: 53.23921815 USDT
359	,2025-12-23 10:45:00,Купить,982544755842	,25.69035000 USDT,51.44686815 USDT,Доступно: 51.44686815 USDT
360	,2025-12-23 10:45:00,Купить,982544755842	,25.69035000 USDT,25.75651815 USDT,Доступно: 25.75651815 USDT
361	,2025-12-23 10:44:55,Торговые комиссии,982544228397	,-0.004650241342 GT,1.603030582913 GT,Доступно: 1.603030582913 GT
362	,2025-12-23 10:44:55,Купить,982544228397	,89.000000000000 RAVE,359.000000000000 RAVE,Доступно: 89.000000000000 RAVE
363	,2025-12-23 10:44:55,Продажа,982544228397	,-53.11609000 USDT,0.06616815 USDT,Доступно: 0.06616815 USDT
364	,2025-12-23 10:42:52,Торговые комиссии,982544031169	,-0.004627117784 GT,1.607680824255 GT,Доступно: 1.607680824255 GT
365	,2025-12-23 10:42:52,Продажа,982544031169	,-89.000000000000 RAVE,270.000000000000 RAVE,Доступно: 0.000000000000 RAVE
366	,2025-12-23 10:42:52,Купить,982544031169	,52.90338000 USDT,53.18225815 USDT,Доступно: 53.18225815 USDT
367	,2025-12-23 10:42:14,Торговые комиссии,982543995808	,-0.004621357434 GT,1.612307942040 GT,Доступно: 1.612307942040 GT
368	,2025-12-23 10:42:14,Купить,982543995808	,89.000000000000 RAVE,359.000000000000 RAVE,Доступно: 89.000000000000 RAVE
369	,2025-12-23 10:42:14,Продажа,982543995808	,-52.83752000 USDT,0.27887815 USDT,Доступно: 0.27353815 USDT
370	,2025-12-23 10:42:10,Торговые комиссии,982543912806	,-0.004627273469 GT,1.616929299474 GT,Доступно: 1.616929299474 GT
371	,2025-12-23 10:42:10,Продажа,982543912806	,-89.000000000000 RAVE,270.000000000000 RAVE,Доступно: 0.000000000000 RAVE
372	,2025-12-23 10:42:10,Купить,982543912806	,52.90516000 USDT,53.11639815 USDT,Доступно: 53.11639815 USDT
373	,2025-12-23 10:41:46,Торговые комиссии,982543716360	,-0.002492572762 GT,1.621556572943 GT,Доступно: 1.621556572943 GT
374	,2025-12-23 10:41:46,Купить,982543716360	,48.000000000000 RAVE,359.000000000000 RAVE,Доступно: 89.000000000000 RAVE
375	,2025-12-23 10:41:46,Продажа,982543716360	,-28.47072000 USDT,0.21123815 USDT,Доступно: 0.21123815 USDT
376	,2025-12-23 10:41:39,Торговые комиссии,982543716360	,-0.002129072568 GT,1.624049145706 GT,Доступно: 1.624049145706 GT
377	,2025-12-23 10:41:39,Купить,982543716360	,41.000000000000 RAVE,311.000000000000 RAVE,Доступно: 41.000000000000 RAVE
378	,2025-12-23 10:41:39,Продажа,982543716360	,-24.31874000 USDT,28.68195815 USDT,Доступно: 0.21123815 USDT
379	,2025-12-23 10:41:10,Торговые комиссии,982543684144	,-0.000364272373 GT,1.626178218274 GT,Доступно: 1.626178218274 GT
380	,2025-12-23 10:41:10,Торговые комиссии,982543684144	,-0.000624466926 GT,1.626542490648 GT,Доступно: 1.626542490648 GT
381	,2025-12-23 10:41:10,Торговые комиссии,982543684144	,-0.000676505836 GT,1.627166957574 GT,Доступно: 1.627166957574 GT
382	,2025-12-23 10:41:10,Торговые комиссии,982543684144	,-0.000988739299 GT,1.627843463410 GT,Доступно: 1.627843463410 GT
383	,2025-12-23 10:41:10,Торговые комиссии,982543684144	,-0.000988739299 GT,1.628832202710 GT,Доступно: 1.628832202710 GT
384	,2025-12-23 10:41:10,Торговые комиссии,982543684144	,-0.000988739299 GT,1.629820942010 GT,Доступно: 1.629820942010 GT
385	,2025-12-23 10:41:10,Продажа,982543684144	,-7.000000000000 RAVE,270.000000000000 RAVE,Доступно: 0.000000000000 RAVE
386	,2025-12-23 10:41:10,Продажа,982543684144	,-12.000000000000 RAVE,277.000000000000 RAVE,Доступно: 0.000000000000 RAVE
387	,2025-12-23 10:41:10,Продажа,982543684144	,-13.000000000000 RAVE,289.000000000000 RAVE,Доступно: 0.000000000000 RAVE
388	,2025-12-23 10:41:10,Продажа,982543684144	,-19.000000000000 RAVE,302.000000000000 RAVE,Доступно: 0.000000000000 RAVE
389	,2025-12-23 10:41:10,Продажа,982543684144	,-19.000000000000 RAVE,321.000000000000 RAVE,Доступно: 0.000000000000 RAVE
390	,2025-12-23 10:41:10,Продажа,982543684144	,-19.000000000000 RAVE,340.000000000000 RAVE,Доступно: 0.000000000000 RAVE
391	,2025-12-23 10:41:10,Купить,982543684144	,4.16080000 USDT,53.00069815 USDT,Доступно: 53.00069815 USDT
392	,2025-12-23 10:41:10,Купить,982543684144	,7.13280000 USDT,48.83989815 USDT,Доступно: 48.83989815 USDT
393	,2025-12-23 10:41:10,Купить,982543684144	,7.72720000 USDT,41.70709815 USDT,Доступно: 41.70709815 USDT
394	,2025-12-23 10:41:10,Купить,982543684144	,11.29360000 USDT,33.97989815 USDT,Доступно: 33.97989815 USDT
395	,2025-12-23 10:41:10,Купить,982543684144	,11.29360000 USDT,22.68629815 USDT,Доступно: 22.68629815 USDT
396	,2025-12-23 10:41:10,Купить,982543684144	,11.29360000 USDT,11.39269815 USDT,Доступно: 11.39269815 USDT
397	,2025-12-23 10:41:06,Торговые комиссии,982543664276	,-0.000155650145 GT,1.630809681309 GT,Доступно: 1.630809681309 GT
398	,2025-12-23 10:41:06,Торговые комиссии,982543664276	,-0.004461970845 GT,1.630965331455 GT,Доступно: 1.630965331455 GT
399	,2025-12-23 10:41:06,Купить,982543664276	,3.000000000000 RAVE,359.000000000000 RAVE,Доступно: 89.000000000000 RAVE
400	,2025-12-23 10:41:06,Купить,982543664276	,86.000000000000 RAVE,356.000000000000 RAVE,Доступно: 86.000000000000 RAVE
401	,2025-12-23 10:41:06,Продажа,982543664276	,-1.77960000 USDT,0.09909815 USDT,Доступно: 0.09909815 USDT
402	,2025-12-23 10:41:06,Продажа,982543664276	,-51.01520000 USDT,1.87869815 USDT,Доступно: 0.09909815 USDT
403	,2025-12-23 10:41:00,Торговые комиссии,982543590585	,-0.000987479300 GT,1.635427302300 GT,Доступно: 1.635427302300 GT
404	,2025-12-23 10:41:00,Торговые комиссии,982543590585	,-0.001663123032 GT,1.636414781601 GT,Доступно: 1.636414781601 GT
405	,2025-12-23 10:41:00,Торговые комиссии,982543590585	,-0.000571698542 GT,1.638077904633 GT,Доступно: 1.638077904633 GT
406	,2025-12-23 10:41:00,Торговые комиссии,982543590585	,-0.000675643731 GT,1.638649603175 GT,Доступно: 1.638649603175 GT
407	,2025-12-23 10:41:00,Торговые комиссии,982543590585	,-0.000675643731 GT,1.639325246907 GT,Доступно: 1.639325246907 GT
408	,2025-12-23 10:41:00,Продажа,982543590585	,-19.000000000000 RAVE,270.000000000000 RAVE,Доступно: 0.000000000000 RAVE
409	,2025-12-23 10:41:00,Продажа,982543590585	,-32.000000000000 RAVE,289.000000000000 RAVE,Доступно: 0.000000000000 RAVE
410	,2025-12-23 10:41:00,Продажа,982543590585	,-11.000000000000 RAVE,321.000000000000 RAVE,Доступно: 0.000000000000 RAVE
411	,2025-12-23 10:41:00,Продажа,982543590585	,-13.000000000000 RAVE,332.000000000000 RAVE,Доступно: 0.000000000000 RAVE
412	,2025-12-23 10:41:00,Продажа,982543590585	,-13.000000000000 RAVE,345.000000000000 RAVE,Доступно: 0.000000000000 RAVE
413	,2025-12-23 10:41:00,Купить,982543590585	,11.29018000 USDT,52.89389815 USDT,Доступно: 52.89389815 USDT
414	,2025-12-23 10:41:00,Купить,982543590585	,19.01504000 USDT,41.60371815 USDT,Доступно: 41.60371815 USDT
415	,2025-12-23 10:41:00,Купить,982543590585	,6.53642000 USDT,22.58867815 USDT,Доступно: 22.58867815 USDT
416	,2025-12-23 10:41:00,Купить,982543590585	,7.72486000 USDT,16.05225815 USDT,Доступно: 16.05225815 USDT
417	,2025-12-23 10:41:00,Купить,982543590585	,7.72486000 USDT,8.32739815 USDT,Доступно: 8.32739815 USDT
418	,2025-12-23 10:40:45,Торговые комиссии,982543562287	,-0.004570101945 GT,1.640000890639 GT,Доступно: 1.640000890639 GT
419	,2025-12-23 10:40:45,Купить,982543562287	,88.000000000000 RAVE,358.000000000000 RAVE,Доступно: 88.000000000000 RAVE
420	,2025-12-23 10:40:45,Продажа,982543562287	,-52.20072000 USDT,0.60253815 USDT,Доступно: 0.59461815 USDT
421	,2025-12-23 10:40:39,Торговые комиссии,982543410065	,-0.000572736186 GT,1.644570992584 GT,Доступно: 1.644570992584 GT
422	,2025-12-23 10:40:39,Торговые комиссии,982543410065	,-0.000781003891 GT,1.645143728771 GT,Доступно: 1.645143728771 GT
423	,2025-12-23 10:40:39,Продажа,982543410065	,-11.000000000000 RAVE,270.000000000000 RAVE,Доступно: 0.000000000000 RAVE
424	,2025-12-23 10:40:39,Продажа,982543410065	,-15.000000000000 RAVE,281.000000000000 RAVE,Доступно: 0.000000000000 RAVE
425	,2025-12-23 10:40:39,Купить,982543410065	,6.54192000 USDT,52.80325815 USDT,Доступно: 52.80325815 USDT
426	,2025-12-23 10:40:39,Купить,982543410065	,8.92080000 USDT,46.26133815 USDT,Доступно: 46.26133815 USDT
427	,2025-12-23 10:40:38,Торговые комиссии,982543410065	,-0.001197539299 GT,1.645924732662 GT,Доступно: 1.645924732662 GT
428	,2025-12-23 10:40:38,Торговые комиссии,982543410065	,-0.000468602334 GT,1.647122271962 GT,Доступно: 1.647122271962 GT
429	,2025-12-23 10:40:38,Торговые комиссии,982543410065	,-0.001562007782 GT,1.647590874296 GT,Доступно: 1.647590874296 GT
430	,2025-12-23 10:40:38,Продажа,982543410065	,-23.000000000000 RAVE,296.000000000000 RAVE,Доступно: 0.000000000000 RAVE
431	,2025-12-23 10:40:38,Продажа,982543410065	,-9.000000000000 RAVE,319.000000000000 RAVE,Доступно: 0.000000000000 RAVE
432	,2025-12-23 10:40:38,Продажа,982543410065	,-30.000000000000 RAVE,328.000000000000 RAVE,Доступно: 0.000000000000 RAVE
433	,2025-12-23 10:40:38,Купить,982543410065	,13.67856000 USDT,37.34053815 USDT,Доступно: 37.34053815 USDT
434	,2025-12-23 10:40:38,Купить,982543410065	,5.35248000 USDT,23.66197815 USDT,Доступно: 23.66197815 USDT
435	,2025-12-23 10:40:38,Купить,982543410065	,17.84160000 USDT,18.30949815 USDT,Доступно: 18.30949815 USDT
436	,2025-12-23 10:40:10,Торговые комиссии,982543305739	,-0.001400582976 GT,1.649152882078 GT,Доступно: 1.649152882078 GT
437	,2025-12-23 10:40:10,Торговые комиссии,982543305739	,-0.001452456420 GT,1.650553465055 GT,Доступно: 1.650553465055 GT
438	,2025-12-23 10:40:10,Торговые комиссии,982543305739	,-0.001452456420 GT,1.652005921475 GT,Доступно: 1.652005921475 GT
439	,2025-12-23 10:40:10,Купить,982543305739	,27.000000000000 RAVE,358.000000000000 RAVE,Доступно: 88.000000000000 RAVE
440	,2025-12-23 10:40:10,Купить,982543305739	,28.000000000000 RAVE,331.000000000000 RAVE,Доступно: 61.000000000000 RAVE
441	,2025-12-23 10:40:10,Купить,982543305739	,28.000000000000 RAVE,303.000000000000 RAVE,Доступно: 33.000000000000 RAVE
442	,2025-12-23 10:40:10,Продажа,982543305739	,-15.99777000 USDT,0.46789815 USDT,Доступно: 0.46789815 USDT
443	,2025-12-23 10:40:10,Продажа,982543305739	,-16.59028000 USDT,16.46566815 USDT,Доступно: 0.46789815 USDT
444	,2025-12-23 10:40:10,Продажа,982543305739	,-16.59028000 USDT,33.05594815 USDT,Доступно: 0.46789815 USDT
445	,2025-12-23 10:40:03,Торговые комиссии,982543305739	,-0.000259367217 GT,1.653458377895 GT,Доступно: 1.653458377895 GT
446	,2025-12-23 10:40:03,Купить,982543305739	,5.000000000000 RAVE,275.000000000000 RAVE,Доступно: 5.000000000000 RAVE
447	,2025-12-23 10:40:03,Продажа,982543305739	,-2.96255000 USDT,49.64622815 USDT,Доступно: 0.46789815 USDT
448	,2025-12-23 10:39:44,Торговые комиссии,982543269356	,-0.000416031128 GT,1.653717745113 GT,Доступно: 1.653717745113 GT
449	,2025-12-23 10:39:44,Торговые комиссии,982543269356	,-0.000572042801 GT,1.654133776242 GT,Доступно: 1.654133776242 GT
450	,2025-12-23 10:39:44,Торговые комиссии,982543269356	,-0.000572042801 GT,1.654705819043 GT,Доступно: 1.654705819043 GT
451	,2025-12-23 10:39:44,Торговые комиссии,982543269356	,-0.001716128404 GT,1.655277861845 GT,Доступно: 1.655277861845 GT
452	,2025-12-23 10:39:44,Торговые комиссии,982543269356	,-0.000468035019 GT,1.656993990250 GT,Доступно: 1.656993990250 GT
453	,2025-12-23 10:39:44,Торговые комиссии,982543269356	,-0.000364027237 GT,1.657462025269 GT,Доступно: 1.657462025269 GT
454	,2025-12-23 10:39:44,Торговые комиссии,982543269356	,-0.000468035019 GT,1.657826052506 GT,Доступно: 1.657826052506 GT
455	,2025-12-23 10:39:44,Продажа,982543269356	,-8.000000000000 RAVE,270.000000000000 RAVE,Доступно: 0.000000000000 RAVE
456	,2025-12-23 10:39:44,Продажа,982543269356	,-11.000000000000 RAVE,278.000000000000 RAVE,Доступно: 0.000000000000 RAVE
457	,2025-12-23 10:39:44,Продажа,982543269356	,-11.000000000000 RAVE,289.000000000000 RAVE,Доступно: 0.000000000000 RAVE
458	,2025-12-23 10:39:44,Продажа,982543269356	,-33.000000000000 RAVE,300.000000000000 RAVE,Доступно: 0.000000000000 RAVE
459	,2025-12-23 10:39:44,Продажа,982543269356	,-9.000000000000 RAVE,333.000000000000 RAVE,Доступно: 0.000000000000 RAVE
460	,2025-12-23 10:39:44,Продажа,982543269356	,-7.000000000000 RAVE,342.000000000000 RAVE,Доступно: 0.000000000000 RAVE
461	,2025-12-23 10:39:44,Продажа,982543269356	,-9.000000000000 RAVE,349.000000000000 RAVE,Доступно: 0.000000000000 RAVE
462	,2025-12-23 10:39:44,Купить,982543269356	,4.75200000 USDT,52.60877815 USDT,Доступно: 52.60877815 USDT
463	,2025-12-23 10:39:44,Купить,982543269356	,6.53400000 USDT,47.85677815 USDT,Доступно: 47.85677815 USDT
464	,2025-12-23 10:39:44,Купить,982543269356	,6.53400000 USDT,41.32277815 USDT,Доступно: 41.32277815 USDT
465	,2025-12-23 10:39:44,Купить,982543269356	,19.60200000 USDT,34.78877815 USDT,Доступно: 34.78877815 USDT
466	,2025-12-23 10:39:44,Купить,982543269356	,5.34600000 USDT,15.18677815 USDT,Доступно: 15.18677815 USDT
467	,2025-12-23 10:39:44,Купить,982543269356	,4.15800000 USDT,9.84077815 USDT,Доступно: 9.84077815 USDT
468	,2025-12-23 10:39:44,Купить,982543269356	,5.34600000 USDT,5.68277815 USDT,Доступно: 5.68277815 USDT
469	,2025-12-23 10:39:36,Торговые комиссии,982543245658	,-0.004567482490 GT,1.658294087526 GT,Доступно: 1.658294087526 GT
470	,2025-12-23 10:39:36,Купить,982543245658	,88.000000000000 RAVE,358.000000000000 RAVE,Доступно: 88.000000000000 RAVE
471	,2025-12-23 10:39:36,Продажа,982543245658	,-52.17080000 USDT,0.33677815 USDT,Доступно: 0.33677815 USDT
472	,2025-12-23 10:39:25,Торговые комиссии,982543162105	,-0.000260308365 GT,1.662861570016 GT,Доступно: 1.662861570016 GT
473	,2025-12-23 10:39:25,Торговые комиссии,982543162105	,-0.001197418482 GT,1.663121878382 GT,Доступно: 1.663121878382 GT
474	,2025-12-23 10:39:25,Торговые комиссии,982543162105	,-0.001718035214 GT,1.664319296864 GT,Доступно: 1.664319296864 GT
475	,2025-12-23 10:39:25,Торговые комиссии,982543162105	,-0.001405665175 GT,1.666037332078 GT,Доступно: 1.666037332078 GT
476	,2025-12-23 10:39:25,Продажа,982543162105	,-5.000000000000 RAVE,270.000000000000 RAVE,Доступно: 0.000000000000 RAVE
477	,2025-12-23 10:39:25,Продажа,982543162105	,-23.000000000000 RAVE,275.000000000000 RAVE,Доступно: 0.000000000000 RAVE
478	,2025-12-23 10:39:25,Продажа,982543162105	,-33.000000000000 RAVE,298.000000000000 RAVE,Доступно: 0.000000000000 RAVE
479	,2025-12-23 10:39:25,Продажа,982543162105	,-27.000000000000 RAVE,331.000000000000 RAVE,Доступно: 0.000000000000 RAVE
480	,2025-12-23 10:39:25,Купить,982543162105	,2.97330000 USDT,52.50757815 USDT,Доступно: 52.50757815 USDT
481	,2025-12-23 10:39:25,Купить,982543162105	,13.67718000 USDT,49.53427815 USDT,Доступно: 49.53427815 USDT
482	,2025-12-23 10:39:25,Купить,982543162105	,19.62378000 USDT,35.85709815 USDT,Доступно: 35.85709815 USDT
483	,2025-12-23 10:39:25,Купить,982543162105	,16.05582000 USDT,16.23331815 USDT,Доступно: 16.23331815 USDT
484	,2025-12-23 10:39:08,Торговые комиссии,982542934235	,-0.004575417898 GT,1.667442997253 GT,Доступно: 1.667442997253 GT
485	,2025-12-23 10:39:08,Купить,982542934235	,88.000000000000 RAVE,358.000000000000 RAVE,Доступно: 88.000000000000 RAVE
486	,2025-12-23 10:39:08,Продажа,982542934235	,-52.26144000 USDT,0.17749815 USDT,Доступно: 0.17749815 USDT
487	,2025-12-23 10:38:27,Торговые комиссии,982542895734	,-0.000572054518 GT,1.672018415152 GT,Доступно: 1.672018415152 GT
488	,2025-12-23 10:38:27,Торговые комиссии,982542895734	,-0.002288218075 GT,1.672590469671 GT,Доступно: 1.672590469671 GT
489	,2025-12-23 10:38:27,Торговые комиссии,982542895734	,-0.001716163556 GT,1.674878687747 GT,Доступно: 1.674878687747 GT
490	,2025-12-23 10:38:27,Продажа,982542895734	,-11.000000000000 RAVE,270.000000000000 RAVE,Доступно: 0.000000000000 RAVE
491	,2025-12-23 10:38:27,Продажа,982542895734	,-44.000000000000 RAVE,281.000000000000 RAVE,Доступно: 0.000000000000 RAVE
492	,2025-12-23 10:38:27,Продажа,982542895734	,-33.000000000000 RAVE,325.000000000000 RAVE,Доступно: 0.000000000000 RAVE
493	,2025-12-23 10:38:27,Купить,982542895734	,6.54049000 USDT,52.43893815 USDT,Доступно: 52.43893815 USDT
494	,2025-12-23 10:38:27,Купить,982542895734	,26.16196000 USDT,45.89844815 USDT,Доступно: 45.89844815 USDT
495	,2025-12-23 10:38:27,Купить,982542895734	,19.62147000 USDT,19.73648815 USDT,Доступно: 19.73648815 USDT
496	,2025-12-23 10:38:20,Торговые комиссии,982542661510	,-0.000207579008 GT,1.676594851304 GT,Доступно: 1.676594851304 GT
497	,2025-12-23 10:38:20,Купить,982542661510	,4.000000000000 RAVE,358.000000000000 RAVE,Доступно: 88.000000000000 RAVE
498	,2025-12-23 10:38:20,Продажа,982542661510	,-2.37332000 USDT,0.11501815 USDT,Доступно: 0.11501815 USDT
499	,2025-12-23 10:38:09,Торговые комиссии,982542661510	,-0.000362910582 GT,1.676802430313 GT,Доступно: 1.676802430313 GT
500	,2025-12-23 10:38:09,Торговые комиссии,982542661510	,-0.003577261456 GT,1.677165340895 GT,Доступно: 1.677165340895 GT
501	,2025-12-23 10:38:09,Торговые комиссии,982542661510	,-0.000414754951 GT,1.680742602351 GT,Доступно: 1.680742602351 GT
502	,2025-12-23 10:38:09,Купить,982542661510	,7.000000000000 RAVE,354.000000000000 RAVE,Доступно: 84.000000000000 RAVE
503	,2025-12-23 10:38:09,Купить,982542661510	,69.000000000000 RAVE,347.000000000000 RAVE,Доступно: 77.000000000000 RAVE
504	,2025-12-23 10:38:09,Купить,982542661510	,8.000000000000 RAVE,278.000000000000 RAVE,Доступно: 8.000000000000 RAVE
505	,2025-12-23 10:38:09,Продажа,982542661510	,-4.15331000 USDT,2.48833815 USDT,Доступно: 0.11501815 USDT
506	,2025-12-23 10:38:09,Продажа,982542661510	,-40.93977000 USDT,6.64164815 USDT,Доступно: 0.11501815 USDT
507	,2025-12-23 10:38:09,Продажа,982542661510	,-4.74664000 USDT,47.58141815 USDT,Доступно: 0.11501815 USDT
508	,2025-12-23 10:36:34,Торговые комиссии,982542298381	,-0.000154762427 GT,1.681157357303 GT,Доступно: 1.681157357303 GT
509	,2025-12-23 10:36:34,Торговые комиссии,982542298381	,-0.002373023883 GT,1.681312119730 GT,Доступно: 1.681312119730 GT
510	,2025-12-23 10:36:34,Продажа,982542298381	,-3.000000000000 RAVE,270.000000000000 RAVE,Доступно: 0.000000000000 RAVE
511	,2025-12-23 10:36:34,Продажа,982542298381	,-46.000000000000 RAVE,273.000000000000 RAVE,Доступно: 0.000000000000 RAVE
512	,2025-12-23 10:36:34,Купить,982542298381	,1.77117000 USDT,52.32805815 USDT,Доступно: 52.32805815 USDT
513	,2025-12-23 10:36:34,Купить,982542298381	,27.15794000 USDT,50.55688815 USDT,Доступно: 50.55688815 USDT
514	,2025-12-23 10:36:33,Торговые комиссии,982542298381	,-0.001650799223 GT,1.683685143614 GT,Доступно: 1.683685143614 GT
515	,2025-12-23 10:36:33,Торговые комиссии,982542298381	,-0.000361112330 GT,1.685335942837 GT,Доступно: 1.685335942837 GT
516	,2025-12-23 10:36:33,Продажа,982542298381	,-32.000000000000 RAVE,319.000000000000 RAVE,Доступно: 0.000000000000 RAVE
517	,2025-12-23 10:36:33,Продажа,982542298381	,-7.000000000000 RAVE,351.000000000000 RAVE,Доступно: 0.000000000000 RAVE
518	,2025-12-23 10:36:33,Купить,982542298381	,18.89248000 USDT,23.39894815 USDT,Доступно: 23.39894815 USDT
519	,2025-12-23 10:36:33,Купить,982542298381	,4.13273000 USDT,4.50646815 USDT,Доступно: 4.50646815 USDT
520	,2025-12-23 10:36:08,Торговые комиссии,982542146558	,-0.000617695053 GT,1.685697055167 GT,Доступно: 1.685697055167 GT
521	,2025-12-23 10:36:08,Торговые комиссии,982542146558	,-0.003912068671 GT,1.686314750220 GT,Доступно: 1.686314750220 GT
522	,2025-12-23 10:36:08,Купить,982542146558	,12.000000000000 RAVE,358.000000000000 RAVE,Доступно: 88.000000000000 RAVE
523	,2025-12-23 10:36:08,Купить,982542146558	,76.000000000000 RAVE,346.000000000000 RAVE,Доступно: 76.000000000000 RAVE
524	,2025-12-23 10:36:08,Продажа,982542146558	,-7.07604000 USDT,0.37373815 USDT,Доступно: 0.37373815 USDT
525	,2025-12-23 10:36:08,Продажа,982542146558	,-44.81492000 USDT,7.44977815 USDT,Доступно: 0.37373815 USDT
526	,2025-12-23 10:36:03,Торговые комиссии,982541991861	,-0.001547589718 GT,1.690226818892 GT,Доступно: 1.690226818892 GT
527	,2025-12-23 10:36:03,Продажа,982541991861	,-30.000000000000 RAVE,270.000000000000 RAVE,Доступно: 0.000000000000 RAVE
528	,2025-12-23 10:36:03,Купить,982541991861	,17.72850000 USDT,52.26469815 USDT,Доступно: 52.26469815 USDT
529	,2025-12-23 10:36:02,Торговые комиссии,982541991861	,-0.001186485451 GT,1.691774408610 GT,Доступно: 1.691774408610 GT
530	,2025-12-23 10:36:02,Торговые комиссии,982541991861	,-0.001805521338 GT,1.692960894061 GT,Доступно: 1.692960894061 GT
531	,2025-12-23 10:36:02,Продажа,982541991861	,-23.000000000000 RAVE,300.000000000000 RAVE,Доступно: 0.000000000000 RAVE
532	,2025-12-23 10:36:02,Продажа,982541991861	,-35.000000000000 RAVE,323.000000000000 RAVE,Доступно: 0.000000000000 RAVE
533	,2025-12-23 10:36:02,Купить,982541991861	,13.59185000 USDT,34.53619815 USDT,Доступно: 34.53619815 USDT
534	,2025-12-23 10:36:02,Купить,982541991861	,20.68325000 USDT,20.94434815 USDT,Доступно: 20.94434815 USDT
535	,2025-12-23 10:35:25,Торговые комиссии,982541870184	,-0.002884347961 GT,1.694766415400 GT,Доступно: 1.694766415400 GT
536	,2025-12-23 10:35:25,Торговые комиссии,982541870184	,-0.000824099417 GT,1.697650763361 GT,Доступно: 1.697650763361 GT
537	,2025-12-23 10:35:25,Торговые комиссии,982541870184	,-0.000824099417 GT,1.698474862778 GT,Доступно: 1.698474862778 GT
538	,2025-12-23 10:35:25,Купить,982541870184	,56.000000000000 RAVE,358.000000000000 RAVE,Доступно: 88.000000000000 RAVE
539	,2025-12-23 10:35:25,Купить,982541870184	,16.000000000000 RAVE,302.000000000000 RAVE,Доступно: 32.000000000000 RAVE
540	,2025-12-23 10:35:25,Купить,982541870184	,16.000000000000 RAVE,286.000000000000 RAVE,Доступно: 16.000000000000 RAVE
541	,2025-12-23 10:35:25,Продажа,982541870184	,-33.00976000 USDT,0.26109815 USDT,Доступно: 0.26109815 USDT
542	,2025-12-23 10:35:25,Продажа,982541870184	,-9.43136000 USDT,33.27085815 USDT,Доступно: 0.26109815 USDT
543	,2025-12-23 10:35:25,Продажа,982541870184	,-9.43136000 USDT,42.70221815 USDT,Доступно: 0.26109815 USDT
544	,2025-12-23 10:34:26,Торговые комиссии,982541063189	,-0.004508479223 GT,1.699298962196 GT,Доступно: 1.699298962196 GT
545	,2025-12-23 10:34:26,Продажа,982541063189	,-88.000000000000 RAVE,270.000000000000 RAVE,Доступно: 0.000000000000 RAVE
546	,2025-12-23 10:34:26,Купить,982541063189	,51.59704000 USDT,52.13357815 USDT,Доступно: 52.13357815 USDT
547	,2025-12-23 10:32:15,Торговые комиссии,982540981541	,-0.000715692233 GT,1.703807441419 GT,Доступно: 1.703807441419 GT
548	,2025-12-23 10:32:15,Купить,982540981541	,14.000000000000 RAVE,358.000000000000 RAVE,Доступно: 88.000000000000 RAVE
549	,2025-12-23 10:32:15,Продажа,982540981541	,-8.19070000 USDT,0.53653815 USDT,Доступно: 0.53653815 USDT
550	,2025-12-23 10:32:14,Торговые комиссии,982540981541	,-0.001738109708 GT,1.704523133652 GT,Доступно: 1.704523133652 GT
551	,2025-12-23 10:32:14,Купить,982540981541	,34.000000000000 RAVE,344.000000000000 RAVE,Доступно: 74.000000000000 RAVE
552	,2025-12-23 10:32:14,Продажа,982540981541	,-19.89170000 USDT,8.72723815 USDT,Доступно: 0.53653815 USDT
553	,2025-12-23 10:32:13,Торговые комиссии,982540981541	,-0.001942593203 GT,1.706261243361 GT,Доступно: 1.706261243361 GT
554	,2025-12-23 10:32:13,Торговые комиссии,982540981541	,-0.000102241747 GT,1.708203836565 GT,Доступно: 1.708203836565 GT
555	,2025-12-23 10:32:13,Купить,982540981541	,38.000000000000 RAVE,310.000000000000 RAVE,Доступно: 40.000000000000 RAVE
556	,2025-12-23 10:32:13,Купить,982540981541	,2.000000000000 RAVE,272.000000000000 RAVE,Доступно: 2.000000000000 RAVE
557	,2025-12-23 10:32:13,Продажа,982540981541	,-22.23190000 USDT,28.61893815 USDT,Доступно: 0.53653815 USDT
558	,2025-12-23 10:32:13,Продажа,982540981541	,-1.17010000 USDT,50.85083815 USDT,Доступно: 0.53653815 USDT
559	,2025-12-23 10:32:00,Торговые комиссии,982540772077	,-0.004501571290 GT,1.708306078312 GT,Доступно: 1.708306078312 GT
560	,2025-12-23 10:32:00,Продажа,982540772077	,-88.000000000000 RAVE,270.000000000000 RAVE,Доступно: 0.000000000000 RAVE
561	,2025-12-23 10:32:00,Купить,982540772077	,51.56800000 USDT,52.02093815 USDT,Доступно: 52.02093815 USDT
562	,2025-12-23 10:31:17,Торговые комиссии,982540662980	,-0.000920568932 GT,1.712807649602 GT,Доступно: 1.712807649602 GT
563	,2025-12-23 10:31:17,Торговые комиссии,982540662980	,-0.001789995145 GT,1.713728218534 GT,Доступно: 1.713728218534 GT
564	,2025-12-23 10:31:17,Купить,982540662980	,18.000000000000 RAVE,358.000000000000 RAVE,Доступно: 88.000000000000 RAVE
565	,2025-12-23 10:31:17,Купить,982540662980	,35.000000000000 RAVE,340.000000000000 RAVE,Доступно: 70.000000000000 RAVE
566	,2025-12-23 10:31:17,Продажа,982540662980	,-10.53540000 USDT,0.45293815 USDT,Доступно: 0.45293815 USDT
567	,2025-12-23 10:31:17,Продажа,982540662980	,-20.48550000 USDT,10.98833815 USDT,Доступно: 0.45293815 USDT
568	,2025-12-23 10:31:16,Торговые комиссии,982540662980	,-0.001789995145 GT,1.715518213680 GT,Доступно: 1.715518213680 GT
569	,2025-12-23 10:31:16,Купить,982540662980	,35.000000000000 RAVE,305.000000000000 RAVE,Доступно: 35.000000000000 RAVE
570	,2025-12-23 10:31:16,Продажа,982540662980	,-20.48550000 USDT,31.47383815 USDT,Доступно: 0.45293815 USDT
571	,2025-12-23 10:30:56,Торговые комиссии,982540504682	,-0.003381705436 GT,1.717308208826 GT,Доступно: 1.717308208826 GT
572	,2025-12-23 10:30:56,Продажа,982540504682	,-66.000000000000 RAVE,270.000000000000 RAVE,Доступно: 0.000000000000 RAVE
573	,2025-12-23 10:30:56,Купить,982540504682	,38.70174000 USDT,51.95933815 USDT,Доступно: 51.95933815 USDT
574	,2025-12-23 10:30:55,Торговые комиссии,982540504682	,-0.000204951844 GT,1.720689914263 GT,Доступно: 1.720689914263 GT
575	,2025-12-23 10:30:55,Продажа,982540504682	,-4.000000000000 RAVE,336.000000000000 RAVE,Доступно: 0.000000000000 RAVE
576	,2025-12-23 10:30:55,Купить,982540504682	,2.34556000 USDT,13.25759815 USDT,Доступно: 13.25759815 USDT
577	,2025-12-23 10:30:31,Торговые комиссии,982540504682	,-0.000819807378 GT,1.720894866107 GT,Доступно: 1.720894866107 GT
578	,2025-12-23 10:30:31,Торговые комиссии,982540504682	,-0.000102475922 GT,1.721714673486 GT,Доступно: 1.721714673486 GT
579	,2025-12-23 10:30:31,Продажа,982540504682	,-16.000000000000 RAVE,340.000000000000 RAVE,Доступно: 0.000000000000 RAVE
580	,2025-12-23 10:30:31,Продажа,982540504682	,-2.000000000000 RAVE,356.000000000000 RAVE,Доступно: 0.000000000000 RAVE
581	,2025-12-23 10:30:31,Купить,982540504682	,9.38224000 USDT,10.91203815 USDT,Доступно: 10.91203815 USDT
582	,2025-12-23 10:30:31,Купить,982540504682	,1.17278000 USDT,1.52979815 USDT,Доступно: 1.52979815 USDT
583	,2025-12-23 10:30:25,Торговые комиссии,982540258676	,-0.004504019417 GT,1.721817149408 GT,Доступно: 1.721817149408 GT
584	,2025-12-23 10:30:25,Купить,982540258676	,88.000000000000 RAVE,358.000000000000 RAVE,Доступно: 88.000000000000 RAVE
585	,2025-12-23 10:30:25,Продажа,982540258676	,-51.54600000 USDT,0.35701815 USDT,Доступно: 0.35701815 USDT
586	,2025-12-23 10:29:30,Торговые комиссии,982540079163	,-0.000564165436 GT,1.726321168826 GT,Доступно: 1.726321168826 GT
587	,2025-12-23 10:29:30,Торговые комиссии,982540079163	,-0.000359014368 GT,1.726885334263 GT,Доступно: 1.726885334263 GT
588	,2025-12-23 10:29:30,Торговые комиссии,982540079163	,-0.000359014368 GT,1.727244348632 GT,Доступно: 1.727244348632 GT
589	,2025-12-23 10:29:30,Торговые комиссии,982540079163	,-0.000359014368 GT,1.727603363000 GT,Доступно: 1.727603363000 GT
590	,2025-12-23 10:29:30,Торговые комиссии,982540079163	,-0.000410302135 GT,1.727962377369 GT,Доступно: 1.727962377369 GT
591	,2025-12-23 10:29:30,Торговые комиссии,982540079163	,-0.000461589902 GT,1.728372679505 GT,Доступно: 1.728372679505 GT
592	,2025-12-23 10:29:30,Торговые комиссии,982540079163	,-0.000461589902 GT,1.728834269408 GT,Доступно: 1.728834269408 GT
593	,2025-12-23 10:29:30,Торговые комиссии,982540079163	,-0.000410302135 GT,1.729295859311 GT,Доступно: 1.729295859311 GT
594	,2025-12-23 10:29:30,Торговые комиссии,982540079163	,-0.000461589902 GT,1.729706161447 GT,Доступно: 1.729706161447 GT
595	,2025-12-23 10:29:30,Торговые комиссии,982540079163	,-0.000461589902 GT,1.730167751350 GT,Доступно: 1.730167751350 GT
596	,2025-12-23 10:29:30,Продажа,982540079163	,-11.000000000000 RAVE,270.000000000000 RAVE,Доступно: 0.000000000000 RAVE
597	,2025-12-23 10:29:30,Продажа,982540079163	,-7.000000000000 RAVE,281.000000000000 RAVE,Доступно: 0.000000000000 RAVE
598	,2025-12-23 10:29:30,Продажа,982540079163	,-7.000000000000 RAVE,288.000000000000 RAVE,Доступно: 0.000000000000 RAVE
599	,2025-12-23 10:29:30,Продажа,982540079163	,-7.000000000000 RAVE,295.000000000000 RAVE,Доступно: 0.000000000000 RAVE
600	,2025-12-23 10:29:30,Продажа,982540079163	,-8.000000000000 RAVE,302.000000000000 RAVE,Доступно: 0.000000000000 RAVE
601	,2025-12-23 10:29:30,Продажа,982540079163	,-9.000000000000 RAVE,310.000000000000 RAVE,Доступно: 0.000000000000 RAVE
602	,2025-12-23 10:29:30,Продажа,982540079163	,-9.000000000000 RAVE,319.000000000000 RAVE,Доступно: 0.000000000000 RAVE
603	,2025-12-23 10:29:30,Продажа,982540079163	,-8.000000000000 RAVE,328.000000000000 RAVE,Доступно: 0.000000000000 RAVE
604	,2025-12-23 10:29:30,Продажа,982540079163	,-9.000000000000 RAVE,336.000000000000 RAVE,Доступно: 0.000000000000 RAVE
605	,2025-12-23 10:29:30,Продажа,982540079163	,-9.000000000000 RAVE,345.000000000000 RAVE,Доступно: 0.000000000000 RAVE
606	,2025-12-23 10:29:30,Купить,982540079163	,6.45656000 USDT,51.90301815 USDT,Доступно: 51.90301815 USDT
607	,2025-12-23 10:29:30,Купить,982540079163	,4.10872000 USDT,45.44645815 USDT,Доступно: 45.44645815 USDT
608	,2025-12-23 10:29:30,Купить,982540079163	,4.10872000 USDT,41.33773815 USDT,Доступно: 41.33773815 USDT
609	,2025-12-23 10:29:30,Купить,982540079163	,4.10872000 USDT,37.22901815 USDT,Доступно: 37.22901815 USDT
610	,2025-12-23 10:29:30,Купить,982540079163	,4.69568000 USDT,33.12029815 USDT,Доступно: 33.12029815 USDT
611	,2025-12-23 10:29:30,Купить,982540079163	,5.28264000 USDT,28.42461815 USDT,Доступно: 28.42461815 USDT
612	,2025-12-23 10:29:30,Купить,982540079163	,5.28264000 USDT,23.14197815 USDT,Доступно: 23.14197815 USDT
613	,2025-12-23 10:29:30,Купить,982540079163	,4.69568000 USDT,17.85933815 USDT,Доступно: 17.85933815 USDT
614	,2025-12-23 10:29:30,Купить,982540079163	,5.28264000 USDT,13.16365815 USDT,Доступно: 13.16365815 USDT
615	,2025-12-23 10:29:30,Купить,982540079163	,5.28264000 USDT,7.88101815 USDT,Доступно: 7.88101815 USDT
616	,2025-12-23 10:29:27,Торговые комиссии,982540079163	,-0.000205151067 GT,1.730629341253 GT,Доступно: 1.730629341253 GT
617	,2025-12-23 10:29:27,Продажа,982540079163	,-4.000000000000 RAVE,354.000000000000 RAVE,Доступно: 0.000000000000 RAVE
618	,2025-12-23 10:29:27,Купить,982540079163	,2.34784000 USDT,2.59837815 USDT,Доступно: 2.59837815 USDT
619	,2025-12-23 10:29:00,Торговые комиссии,982539994720	,-0.002098176990 GT,1.730834492321 GT,Доступно: 1.730834492321 GT
620	,2025-12-23 10:29:00,Торговые комиссии,982539994720	,-0.000409400388 GT,1.732932669311 GT,Доступно: 1.732932669311 GT
621	,2025-12-23 10:29:00,Купить,982539994720	,41.000000000000 RAVE,358.000000000000 RAVE,Доступно: 88.000000000000 RAVE
622	,2025-12-23 10:29:00,Купить,982539994720	,8.000000000000 RAVE,317.000000000000 RAVE,Доступно: 47.000000000000 RAVE
623	,2025-12-23 10:29:00,Продажа,982539994720	,-24.01247000 USDT,0.25053815 USDT,Доступно: 0.25053815 USDT
624	,2025-12-23 10:29:00,Продажа,982539994720	,-4.68536000 USDT,24.26300815 USDT,Доступно: 0.25053815 USDT
625	,2025-12-23 10:28:59,Торговые комиссии,982539994720	,-0.001995826893 GT,1.733342069700 GT,Доступно: 1.733342069700 GT
626	,2025-12-23 10:28:59,Купить,982539994720	,39.000000000000 RAVE,309.000000000000 RAVE,Доступно: 39.000000000000 RAVE
627	,2025-12-23 10:28:59,Продажа,982539994720	,-22.84113000 USDT,28.94836815 USDT,Доступно: 0.25053815 USDT
628	,2025-12-23 10:28:49,Торговые комиссии,982539956235	,-0.002715241456 GT,1.735337896593 GT,Доступно: 1.735337896593 GT
629	,2025-12-23 10:28:49,Продажа,982539956235	,-53.000000000000 RAVE,270.000000000000 RAVE,Доступно: 0.000000000000 RAVE
630	,2025-12-23 10:28:49,Купить,982539956235	,31.07443000 USDT,51.78949815 USDT,Доступно: 51.78949815 USDT
631	,2025-12-23 10:28:47,Торговые комиссии,982539956235	,-0.000614771650 GT,1.738053138049 GT,Доступно: 1.738053138049 GT
632	,2025-12-23 10:28:47,Торговые комиссии,982539956235	,-0.000614771650 GT,1.738667909700 GT,Доступно: 1.738667909700 GT
633	,2025-12-23 10:28:47,Торговые комиссии,982539956235	,-0.000563540679 GT,1.739282681350 GT,Доступно: 1.739282681350 GT
634	,2025-12-23 10:28:47,Продажа,982539956235	,-12.000000000000 RAVE,323.000000000000 RAVE,Доступно: 0.000000000000 RAVE
635	,2025-12-23 10:28:47,Продажа,982539956235	,-12.000000000000 RAVE,335.000000000000 RAVE,Доступно: 0.000000000000 RAVE
636	,2025-12-23 10:28:47,Продажа,982539956235	,-11.000000000000 RAVE,347.000000000000 RAVE,Доступно: 0.000000000000 RAVE
637	,2025-12-23 10:28:47,Купить,982539956235	,7.03572000 USDT,20.71506815 USDT,Доступно: 20.71506815 USDT
638	,2025-12-23 10:28:47,Купить,982539956235	,7.03572000 USDT,13.67934815 USDT,Доступно: 13.67934815 USDT
639	,2025-12-23 10:28:47,Купить,982539956235	,6.44941000 USDT,6.64362815 USDT,Доступно: 6.64362815 USDT
640	,2025-12-23 10:28:39,Торговые комиссии,982539846400	,-0.003681595344 GT,1.739846222030 GT,Доступно: 1.739846222030 GT
641	,2025-12-23 10:28:39,Торговые комиссии,982539846400	,-0.000818132298 GT,1.743527817374 GT,Доступно: 1.743527817374 GT
642	,2025-12-23 10:28:39,Купить,982539846400	,72.000000000000 RAVE,358.000000000000 RAVE,Доступно: 88.000000000000 RAVE
643	,2025-12-23 10:28:39,Купить,982539846400	,16.000000000000 RAVE,286.000000000000 RAVE,Доступно: 16.000000000000 RAVE
644	,2025-12-23 10:28:39,Продажа,982539846400	,-42.17472000 USDT,0.19421815 USDT,Доступно: 0.19421815 USDT
645	,2025-12-23 10:28:39,Продажа,982539846400	,-9.37216000 USDT,42.36893815 USDT,Доступно: 0.19421815 USDT
646	,2025-12-23 10:28:09,Торговые комиссии,982539616996	,-0.004503875848 GT,1.744345949673 GT,Доступно: 1.744345949673 GT
647	,2025-12-23 10:28:09,Продажа,982539616996	,-88.000000000000 RAVE,270.000000000000 RAVE,Доступно: 0.000000000000 RAVE
648	,2025-12-23 10:28:09,Купить,982539616996	,51.59440000 USDT,51.74109815 USDT,Доступно: 51.74109815 USDT
649	,2025-12-23 10:27:14,Торговые комиссии,982539557565	,-0.004490739864 GT,1.748849825521 GT,Доступно: 1.748849825521 GT
650	,2025-12-23 10:27:14,Купить,982539557565	,88.000000000000 RAVE,358.000000000000 RAVE,Доступно: 88.000000000000 RAVE
651	,2025-12-23 10:27:14,Продажа,982539557565	,-51.44392000 USDT,0.14669815 USDT,Доступно: 0.07541815 USDT
652	,2025-12-23 10:26:31,Торговые комиссии,982539296767	,-0.004489049854 GT,1.753340565386 GT,Доступно: 1.753340565386 GT
653	,2025-12-23 10:26:31,Продажа,982539296767	,-88.000000000000 RAVE,270.000000000000 RAVE,Доступно: 0.000000000000 RAVE
654	,2025-12-23 10:26:31,Купить,982539296767	,51.42456000 USDT,51.59061815 USDT,Доступно: 51.59061815 USDT
655	,2025-12-23 10:26:19,Торговые комиссии,982539271187	,-0.004485208923 GT,1.757829615240 GT,Доступно: 1.757829615240 GT
656	,2025-12-23 10:26:19,Купить,982539271187	,88.000000000000 RAVE,358.000000000000 RAVE,Доступно: 88.000000000000 RAVE
657	,2025-12-23 10:26:19,Продажа,982539271187	,-51.38056000 USDT,0.16605815 USDT,Доступно: 0.15549815 USDT
658	,2025-12-23 10:26:00,Торговые комиссии,982539164640	,-0.000459390203 GT,1.762314824163 GT,Доступно: 1.762314824163 GT
659	,2025-12-23 10:26:00,Торговые комиссии,982539164640	,-0.000561476915 GT,1.762774214367 GT,Доступно: 1.762774214367 GT
660	,2025-12-23 10:26:00,Торговые комиссии,982539164640	,-0.000459390203 GT,1.763335691283 GT,Доступно: 1.763335691283 GT
661	,2025-12-23 10:26:00,Торговые комиссии,982539164640	,-0.000459390203 GT,1.763795081486 GT,Доступно: 1.763795081486 GT
662	,2025-12-23 10:26:00,Торговые комиссии,982539164640	,-0.000459390203 GT,1.764254471690 GT,Доступно: 1.764254471690 GT
663	,2025-12-23 10:26:00,Торговые комиссии,982539164640	,-0.000459390203 GT,1.764713861894 GT,Доступно: 1.764713861894 GT
664	,2025-12-23 10:26:00,Продажа,982539164640	,-9.000000000000 RAVE,270.000000000000 RAVE,Доступно: 0.000000000000 RAVE
665	,2025-12-23 10:26:00,Продажа,982539164640	,-11.000000000000 RAVE,279.000000000000 RAVE,Доступно: 0.000000000000 RAVE
666	,2025-12-23 10:26:00,Продажа,982539164640	,-9.000000000000 RAVE,290.000000000000 RAVE,Доступно: 0.000000000000 RAVE
667	,2025-12-23 10:26:00,Продажа,982539164640	,-9.000000000000 RAVE,299.000000000000 RAVE,Доступно: 0.000000000000 RAVE
668	,2025-12-23 10:26:00,Продажа,982539164640	,-9.000000000000 RAVE,308.000000000000 RAVE,Доступно: 0.000000000000 RAVE
669	,2025-12-23 10:26:00,Продажа,982539164640	,-9.000000000000 RAVE,317.000000000000 RAVE,Доступно: 0.000000000000 RAVE
670	,2025-12-23 10:26:00,Купить,982539164640	,5.26257000 USDT,51.54661815 USDT,Доступно: 51.54661815 USDT
671	,2025-12-23 10:26:00,Купить,982539164640	,6.43203000 USDT,46.28404815 USDT,Доступно: 46.28404815 USDT
672	,2025-12-23 10:26:00,Купить,982539164640	,5.26257000 USDT,39.85201815 USDT,Доступно: 39.85201815 USDT
673	,2025-12-23 10:26:00,Купить,982539164640	,5.26257000 USDT,34.58944815 USDT,Доступно: 34.58944815 USDT
674	,2025-12-23 10:26:00,Купить,982539164640	,5.26257000 USDT,29.32687815 USDT,Доступно: 29.32687815 USDT
675	,2025-12-23 10:26:00,Купить,982539164640	,5.26257000 USDT,24.06430815 USDT,Доступно: 24.06430815 USDT
676	,2025-12-23 10:25:59,Торговые комиссии,982539164640	,-0.000816693695 GT,1.765173252097 GT,Доступно: 1.765173252097 GT
677	,2025-12-23 10:25:59,Торговые комиссии,982539164640	,-0.000816693695 GT,1.765989945793 GT,Доступно: 1.765989945793 GT
678	,2025-12-23 10:25:59,Продажа,982539164640	,-16.000000000000 RAVE,326.000000000000 RAVE,Доступно: 0.000000000000 RAVE
679	,2025-12-23 10:25:59,Продажа,982539164640	,-16.000000000000 RAVE,342.000000000000 RAVE,Доступно: 0.000000000000 RAVE
680	,2025-12-23 10:25:59,Купить,982539164640	,9.35568000 USDT,18.80173815 USDT,Доступно: 18.80173815 USDT
681	,2025-12-23 10:25:59,Купить,982539164640	,9.35568000 USDT,9.44605815 USDT,Доступно: 9.44605815 USDT
682	,2025-12-23 10:25:44,Торговые комиссии,982538994710	,-0.004483565825 GT,1.766806639488 GT,Доступно: 1.766806639488 GT
683	,2025-12-23 10:25:44,Купить,982538994710	,88.000000000000 RAVE,358.000000000000 RAVE,Доступно: 88.000000000000 RAVE
684	,2025-12-23 10:25:44,Продажа,982538994710	,-51.31192000 USDT,0.09037815 USDT,Доступно: 0.09037815 USDT
685	,2025-12-23 10:25:08,Торговые комиссии,982538891885	,-0.001019994180 GT,1.771290205314 GT,Доступно: 1.771290205314 GT
686	,2025-12-23 10:25:08,Торговые комиссии,982538891885	,-0.001172993307 GT,1.772310199494 GT,Доступно: 1.772310199494 GT
687	,2025-12-23 10:25:08,Торговые комиссии,982538891885	,-0.001070993889 GT,1.773483192802 GT,Доступно: 1.773483192802 GT
688	,2025-12-23 10:25:08,Торговые комиссии,982538891885	,-0.001121993598 GT,1.774554186691 GT,Доступно: 1.774554186691 GT
689	,2025-12-23 10:25:08,Торговые комиссии,982538891885	,-0.000050999709 GT,1.775676180289 GT,Доступно: 1.775676180289 GT
690	,2025-12-23 10:25:08,Продажа,982538891885	,-20.000000000000 RAVE,270.000000000000 RAVE,Доступно: 0.000000000000 RAVE
691	,2025-12-23 10:25:08,Продажа,982538891885	,-23.000000000000 RAVE,290.000000000000 RAVE,Доступно: 0.000000000000 RAVE
692	,2025-12-23 10:25:08,Продажа,982538891885	,-21.000000000000 RAVE,313.000000000000 RAVE,Доступно: 0.000000000000 RAVE
693	,2025-12-23 10:25:08,Продажа,982538891885	,-22.000000000000 RAVE,334.000000000000 RAVE,Доступно: 0.000000000000 RAVE
694	,2025-12-23 10:25:08,Продажа,982538891885	,-1.000000000000 RAVE,356.000000000000 RAVE,Доступно: 0.000000000000 RAVE
695	,2025-12-23 10:25:08,Купить,982538891885	,11.68460000 USDT,51.40229815 USDT,Доступно: 51.40229815 USDT
696	,2025-12-23 10:25:08,Купить,982538891885	,13.43729000 USDT,39.71769815 USDT,Доступно: 39.71769815 USDT
697	,2025-12-23 10:25:08,Купить,982538891885	,12.26883000 USDT,26.28040815 USDT,Доступно: 26.28040815 USDT
698	,2025-12-23 10:25:08,Купить,982538891885	,12.85306000 USDT,14.01157815 USDT,Доступно: 14.01157815 USDT
699	,2025-12-23 10:25:08,Купить,982538891885	,0.58423000 USDT,1.15851815 USDT,Доступно: 1.15851815 USDT
700	,2025-12-23 10:24:57,Торговые комиссии,982538811013	,-0.000356075266 GT,1.775727179998 GT,Доступно: 1.775727179998 GT
701	,2025-12-23 10:24:57,Торговые комиссии,982538811013	,-0.001017357904 GT,1.776083255265 GT,Доступно: 1.776083255265 GT
702	,2025-12-23 10:24:57,Торговые комиссии,982538811013	,-0.001017357904 GT,1.777100613170 GT,Доступно: 1.777100613170 GT
703	,2025-12-23 10:24:57,Торговые комиссии,982538811013	,-0.001017357904 GT,1.778117971075 GT,Доступно: 1.778117971075 GT
704	,2025-12-23 10:24:57,Торговые комиссии,982538811013	,-0.000508678952 GT,1.779135328980 GT,Доступно: 1.779135328980 GT
705	,2025-12-23 10:24:57,Торговые комиссии,982538811013	,-0.000508678952 GT,1.779644007932 GT,Доступно: 1.779644007932 GT
706	,2025-12-23 10:24:57,Купить,982538811013	,7.000000000000 RAVE,357.000000000000 RAVE,Доступно: 87.000000000000 RAVE
707	,2025-12-23 10:24:57,Купить,982538811013	,20.000000000000 RAVE,350.000000000000 RAVE,Доступно: 80.000000000000 RAVE
708	,2025-12-23 10:24:57,Купить,982538811013	,20.000000000000 RAVE,330.000000000000 RAVE,Доступно: 60.000000000000 RAVE
709	,2025-12-23 10:24:57,Купить,982538811013	,20.000000000000 RAVE,310.000000000000 RAVE,Доступно: 40.000000000000 RAVE
710	,2025-12-23 10:24:57,Купить,982538811013	,10.000000000000 RAVE,290.000000000000 RAVE,Доступно: 20.000000000000 RAVE
711	,2025-12-23 10:24:57,Купить,982538811013	,10.000000000000 RAVE,280.000000000000 RAVE,Доступно: 10.000000000000 RAVE
712	,2025-12-23 10:24:57,Продажа,982538811013	,-4.07904000 USDT,0.57428815 USDT,Доступно: 0.57428815 USDT
713	,2025-12-23 10:24:57,Продажа,982538811013	,-11.65440000 USDT,4.65332815 USDT,Доступно: 0.57428815 USDT
714	,2025-12-23 10:24:57,Продажа,982538811013	,-11.65440000 USDT,16.30772815 USDT,Доступно: 0.57428815 USDT
715	,2025-12-23 10:24:57,Продажа,982538811013	,-11.65440000 USDT,27.96212815 USDT,Доступно: 0.57428815 USDT
716	,2025-12-23 10:24:57,Продажа,982538811013	,-5.82720000 USDT,39.61652815 USDT,Доступно: 0.57428815 USDT
717	,2025-12-23 10:24:57,Продажа,982538811013	,-5.82720000 USDT,45.44372815 USDT,Доступно: 0.57428815 USDT
718	,2025-12-23 10:24:39,Торговые комиссии,982538713386	,-0.000508731328 GT,1.780152686885 GT,Доступно: 1.780152686885 GT
719	,2025-12-23 10:24:39,Торговые комиссии,982538713386	,-0.000610477594 GT,1.780661418214 GT,Доступно: 1.780661418214 GT
720	,2025-12-23 10:24:39,Торговые комиссии,982538713386	,-0.000610477594 GT,1.781271895808 GT,Доступно: 1.781271895808 GT
721	,2025-12-23 10:24:39,Торговые комиссии,982538713386	,-0.000610477594 GT,1.781882373403 GT,Доступно: 1.781882373403 GT
722	,2025-12-23 10:24:39,Торговые комиссии,982538713386	,-0.000712223860 GT,1.782492850997 GT,Доступно: 1.782492850997 GT
723	,2025-12-23 10:24:39,Торговые комиссии,982538713386	,-0.000712223860 GT,1.783205074858 GT,Доступно: 1.783205074858 GT
724	,2025-12-23 10:24:39,Торговые комиссии,982538713386	,-0.000661350727 GT,1.783917298718 GT,Доступно: 1.783917298718 GT
725	,2025-12-23 10:24:39,Продажа,982538713386	,-10.000000000000 RAVE,270.000000000000 RAVE,Доступно: 0.000000000000 RAVE
726	,2025-12-23 10:24:39,Продажа,982538713386	,-12.000000000000 RAVE,280.000000000000 RAVE,Доступно: 0.000000000000 RAVE
727	,2025-12-23 10:24:39,Продажа,982538713386	,-12.000000000000 RAVE,292.000000000000 RAVE,Доступно: 0.000000000000 RAVE
728	,2025-12-23 10:24:39,Продажа,982538713386	,-12.000000000000 RAVE,304.000000000000 RAVE,Доступно: 0.000000000000 RAVE
729	,2025-12-23 10:24:39,Продажа,982538713386	,-14.000000000000 RAVE,316.000000000000 RAVE,Доступно: 0.000000000000 RAVE
730	,2025-12-23 10:24:39,Продажа,982538713386	,-14.000000000000 RAVE,330.000000000000 RAVE,Доступно: 0.000000000000 RAVE
731	,2025-12-23 10:24:39,Продажа,982538713386	,-13.000000000000 RAVE,344.000000000000 RAVE,Доступно: 0.000000000000 RAVE
732	,2025-12-23 10:24:39,Купить,982538713386	,5.82780000 USDT,51.27092815 USDT,Доступно: 51.27092815 USDT
733	,2025-12-23 10:24:39,Купить,982538713386	,6.99336000 USDT,45.44312815 USDT,Доступно: 45.44312815 USDT
734	,2025-12-23 10:24:39,Купить,982538713386	,6.99336000 USDT,38.44976815 USDT,Доступно: 38.44976815 USDT
735	,2025-12-23 10:24:39,Купить,982538713386	,6.99336000 USDT,31.45640815 USDT,Доступно: 31.45640815 USDT
736	,2025-12-23 10:24:39,Купить,982538713386	,8.15892000 USDT,24.46304815 USDT,Доступно: 24.46304815 USDT
737	,2025-12-23 10:24:39,Купить,982538713386	,8.15892000 USDT,16.30412815 USDT,Доступно: 16.30412815 USDT
738	,2025-12-23 10:24:39,Купить,982538713386	,7.57614000 USDT,8.14520815 USDT,Доступно: 8.14520815 USDT
739	,2025-12-23 10:24:27,Торговые комиссии,982538640550	,-0.004423113786 GT,1.784578649446 GT,Доступно: 1.784578649446 GT
740	,2025-12-23 10:24:27,Купить,982538640550	,87.000000000000 RAVE,357.000000000000 RAVE,Доступно: 87.000000000000 RAVE
741	,2025-12-23 10:24:27,Продажа,982538640550	,-50.62008000 USDT,0.56906815 USDT,Доступно: 0.56906815 USDT
742	,2025-12-23 10:24:03,Торговые комиссии,982537794637	,-0.004427446893 GT,1.789001763232 GT,Доступно: 1.789001763232 GT
743	,2025-12-23 10:24:03,Продажа,982537794637	,-87.000000000000 RAVE,270.000000000000 RAVE,Доступно: 0.000000000000 RAVE
744	,2025-12-23 10:24:03,Купить,982537794637	,50.66967000 USDT,51.18914815 USDT,Доступно: 51.18914815 USDT
745	,2025-12-23 10:21:30,Торговые комиссии,982537575664	,-0.004403500776 GT,1.793429210125 GT,Доступно: 1.793429210125 GT
746	,2025-12-23 10:21:30,Купить,982537575664	,87.000000000000 RAVE,357.000000000000 RAVE,Доступно: 87.000000000000 RAVE
747	,2025-12-23 10:21:30,Продажа,982537575664	,-50.39562000 USDT,0.51947815 USDT,Доступно: 0.51947815 USDT
748	,2025-12-23 10:21:00,Торговые комиссии,982537420693	,-0.004423417864 GT,1.797832710902 GT,Доступно: 1.797832710902 GT
749	,2025-12-23 10:21:00,Продажа,982537420693	,-87.000000000000 RAVE,270.000000000000 RAVE,Доступно: 0.000000000000 RAVE
750	,2025-12-23 10:21:00,Купить,982537420693	,50.62356000 USDT,50.91509815 USDT,Доступно: 50.91509815 USDT
751	,2025-12-23 10:20:34,Торговые комиссии,982537354926	,-0.004397027255 GT,1.802256128766 GT,Доступно: 1.802256128766 GT
752	,2025-12-23 10:20:34,Купить,982537354926	,87.000000000000 RAVE,357.000000000000 RAVE,Доступно: 87.000000000000 RAVE
753	,2025-12-23 10:20:34,Продажа,982537354926	,-50.37039000 USDT,0.29153815 USDT,Доступно: 0.25238815 USDT
754	,2025-12-23 10:20:29,Торговые комиссии,982537010522	,-0.002177409893 GT,1.806653156021 GT,Доступно: 1.806653156021 GT
755	,2025-12-23 10:20:29,Торговые комиссии,982537010522	,-0.002228047332 GT,1.808830565914 GT,Доступно: 1.808830565914 GT
756	,2025-12-23 10:20:29,Продажа,982537010522	,-43.000000000000 RAVE,270.000000000000 RAVE,Доступно: 0.000000000000 RAVE
757	,2025-12-23 10:20:29,Продажа,982537010522	,-44.000000000000 RAVE,313.000000000000 RAVE,Доступно: 0.000000000000 RAVE
758	,2025-12-23 10:20:29,Купить,982537010522	,24.94344000 USDT,50.66192815 USDT,Доступно: 50.66192815 USDT
759	,2025-12-23 10:20:29,Купить,982537010522	,25.52352000 USDT,25.71848815 USDT,Доступно: 25.71848815 USDT
760	,2025-12-23 10:19:15,Торговые комиссии,982536898778	,-0.004391552616 GT,1.811058613247 GT,Доступно: 1.811058613247 GT
761	,2025-12-23 10:19:15,Купить,982536898778	,87.000000000000 RAVE,357.000000000000 RAVE,Доступно: 87.000000000000 RAVE
762	,2025-12-23 10:19:15,Продажа,982536898778	,-50.35647000 USDT,0.19496815 USDT,Доступно: 0.19496815 USDT
763	,2025-12-23 10:18:52,Торговые комиссии,982536458244	,-0.004370218428 GT,1.815450165863 GT,Доступно: 1.815450165863 GT
764	,2025-12-23 10:18:52,Продажа,982536458244	,-87.000000000000 RAVE,270.000000000000 RAVE,Доступно: 0.000000000000 RAVE
765	,2025-12-23 10:18:52,Купить,982536458244	,50.06328000 USDT,50.55143815 USDT,Доступно: 50.55143815 USDT
766	,2025-12-23 10:17:48,Торговые комиссии,982536375240	,-0.004358472383 GT,1.819820384292 GT,Доступно: 1.819820384292 GT
767	,2025-12-23 10:17:48,Купить,982536375240	,87.000000000000 RAVE,357.000000000000 RAVE,Доступно: 87.000000000000 RAVE
768	,2025-12-23 10:17:48,Продажа,982536375240	,-49.97715000 USDT,0.48815815 USDT,Доступно: 0.48815815 USDT
769	,2025-12-23 10:17:23,Торговые комиссии,982536272765	,-0.004392014839 GT,1.824178856676 GT,Доступно: 1.824178856676 GT
770	,2025-12-23 10:17:23,Продажа,982536272765	,-87.000000000000 RAVE,270.000000000000 RAVE,Доступно: 0.000000000000 RAVE
771	,2025-12-23 10:17:23,Купить,982536272765	,50.31297000 USDT,50.46530815 USDT,Доступно: 50.46530815 USDT
772	,2025-12-23 10:17:18,Торговые комиссии,982536238674	,-0.000749302325 GT,1.828570871516 GT,Доступно: 1.828570871516 GT
773	,2025-12-23 10:17:18,Торговые комиссии,982536238674	,-0.001049023255 GT,1.829320173841 GT,Доступно: 1.829320173841 GT
774	,2025-12-23 10:17:18,Торговые комиссии,982536238674	,-0.000849209302 GT,1.830369197097 GT,Доступно: 1.830369197097 GT
775	,2025-12-23 10:17:18,Торговые комиссии,982536238674	,-0.000849209302 GT,1.831218406399 GT,Доступно: 1.831218406399 GT
776	,2025-12-23 10:17:18,Торговые комиссии,982536238674	,-0.000849209302 GT,1.832067615702 GT,Доступно: 1.832067615702 GT
777	,2025-12-23 10:17:18,Купить,982536238674	,15.000000000000 RAVE,357.000000000000 RAVE,Доступно: 87.000000000000 RAVE
778	,2025-12-23 10:17:18,Купить,982536238674	,21.000000000000 RAVE,342.000000000000 RAVE,Доступно: 72.000000000000 RAVE
779	,2025-12-23 10:17:18,Купить,982536238674	,17.000000000000 RAVE,321.000000000000 RAVE,Доступно: 51.000000000000 RAVE
780	,2025-12-23 10:17:18,Купить,982536238674	,17.000000000000 RAVE,304.000000000000 RAVE,Доступно: 34.000000000000 RAVE
781	,2025-12-23 10:17:18,Купить,982536238674	,17.000000000000 RAVE,287.000000000000 RAVE,Доступно: 17.000000000000 RAVE
782	,2025-12-23 10:17:18,Продажа,982536238674	,-8.59200000 USDT,0.15233815 USDT,Доступно: 0.15233815 USDT
783	,2025-12-23 10:17:18,Продажа,982536238674	,-12.02880000 USDT,8.74433815 USDT,Доступно: 0.15233815 USDT
784	,2025-12-23 10:17:18,Продажа,982536238674	,-9.73760000 USDT,20.77313815 USDT,Доступно: 0.15233815 USDT
785	,2025-12-23 10:17:18,Продажа,982536238674	,-9.73760000 USDT,30.51073815 USDT,Доступно: 0.15233815 USDT
786	,2025-12-23 10:17:18,Продажа,982536238674	,-9.73760000 USDT,40.24833815 USDT,Доступно: 0.15233815 USDT
787	,2025-12-23 10:17:08,Торговые комиссии,982536143777	,-0.004360953055 GT,1.832916825004 GT,Доступно: 1.832916825004 GT
788	,2025-12-23 10:17:08,Продажа,982536143777	,-87.000000000000 RAVE,270.000000000000 RAVE,Доступно: 0.000000000000 RAVE
789	,2025-12-23 10:17:08,Купить,982536143777	,49.95714000 USDT,49.98593815 USDT,Доступно: 49.98593815 USDT
790	,2025-12-23 10:16:59,Торговые комиссии,982536037429	,-0.000399279069 GT,1.837277778059 GT,Доступно: 1.837277778059 GT
791	,2025-12-23 10:16:59,Торговые комиссии,982536037429	,-0.000648828488 GT,1.837677057129 GT,Доступно: 1.837677057129 GT
792	,2025-12-23 10:16:59,Торговые комиссии,982536037429	,-0.000648828488 GT,1.838325885617 GT,Доступно: 1.838325885617 GT
793	,2025-12-23 10:16:59,Торговые комиссии,982536037429	,-0.000598918604 GT,1.838974714106 GT,Доступно: 1.838974714106 GT
794	,2025-12-23 10:16:59,Торговые комиссии,982536037429	,-0.000698738372 GT,1.839573632711 GT,Доступно: 1.839573632711 GT
795	,2025-12-23 10:16:59,Торговые комиссии,982536037429	,-0.000648828488 GT,1.840272371083 GT,Доступно: 1.840272371083 GT
796	,2025-12-23 10:16:59,Торговые комиссии,982536037429	,-0.000698738372 GT,1.840921199571 GT,Доступно: 1.840921199571 GT
797	,2025-12-23 10:16:59,Купить,982536037429	,8.000000000000 RAVE,357.000000000000 RAVE,Доступно: 87.000000000000 RAVE
798	,2025-12-23 10:16:59,Купить,982536037429	,13.000000000000 RAVE,349.000000000000 RAVE,Доступно: 79.000000000000 RAVE
799	,2025-12-23 10:16:59,Купить,982536037429	,13.000000000000 RAVE,336.000000000000 RAVE,Доступно: 66.000000000000 RAVE
800	,2025-12-23 10:16:59,Купить,982536037429	,12.000000000000 RAVE,323.000000000000 RAVE,Доступно: 53.000000000000 RAVE
801	,2025-12-23 10:16:59,Купить,982536037429	,14.000000000000 RAVE,311.000000000000 RAVE,Доступно: 41.000000000000 RAVE
802	,2025-12-23 10:16:59,Купить,982536037429	,13.000000000000 RAVE,297.000000000000 RAVE,Доступно: 27.000000000000 RAVE
803	,2025-12-23 10:16:59,Купить,982536037429	,14.000000000000 RAVE,284.000000000000 RAVE,Доступно: 14.000000000000 RAVE
804	,2025-12-23 10:16:59,Продажа,982536037429	,-4.57840000 USDT,0.02879815 USDT,Доступно: 0.02879815 USDT
805	,2025-12-23 10:16:59,Продажа,982536037429	,-7.43990000 USDT,4.60719815 USDT,Доступно: 0.02879815 USDT
806	,2025-12-23 10:16:59,Продажа,982536037429	,-7.43990000 USDT,12.04709815 USDT,Доступно: 0.02879815 USDT
807	,2025-12-23 10:16:59,Продажа,982536037429	,-6.86760000 USDT,19.48699815 USDT,Доступно: 0.02879815 USDT
808	,2025-12-23 10:16:59,Продажа,982536037429	,-8.01220000 USDT,26.35459815 USDT,Доступно: 0.02879815 USDT
809	,2025-12-23 10:16:59,Продажа,982536037429	,-7.43990000 USDT,34.36679815 USDT,Доступно: 0.02879815 USDT
810	,2025-12-23 10:16:59,Продажа,982536037429	,-8.01220000 USDT,41.80669815 USDT,Доступно: 0.02879815 USDT
811	,2025-12-23 10:16:47,Торговые комиссии,982535886596	,-0.000400720853 GT,1.841619937943 GT,Доступно: 1.841619937943 GT
812	,2025-12-23 10:16:47,Торговые комиссии,982535886596	,-0.000901621920 GT,1.842020658797 GT,Доступно: 1.842020658797 GT
813	,2025-12-23 10:16:47,Торговые комиссии,982535886596	,-0.001001802133 GT,1.842922280717 GT,Доступно: 1.842922280717 GT
814	,2025-12-23 10:16:47,Торговые комиссии,982535886596	,-0.001001802133 GT,1.843924082851 GT,Доступно: 1.843924082851 GT
815	,2025-12-23 10:16:47,Торговые комиссии,982535886596	,-0.001001802133 GT,1.844925884985 GT,Доступно: 1.844925884985 GT
816	,2025-12-23 10:16:47,Продажа,982535886596	,-8.000000000000 RAVE,270.000000000000 RAVE,Доступно: 0.000000000000 RAVE
817	,2025-12-23 10:16:47,Продажа,982535886596	,-18.000000000000 RAVE,278.000000000000 RAVE,Доступно: 0.000000000000 RAVE
818	,2025-12-23 10:16:47,Продажа,982535886596	,-20.000000000000 RAVE,296.000000000000 RAVE,Доступно: 0.000000000000 RAVE
819	,2025-12-23 10:16:47,Продажа,982535886596	,-20.000000000000 RAVE,316.000000000000 RAVE,Доступно: 0.000000000000 RAVE
820	,2025-12-23 10:16:47,Продажа,982535886596	,-20.000000000000 RAVE,336.000000000000 RAVE,Доступно: 0.000000000000 RAVE
821	,2025-12-23 10:16:47,Купить,982535886596	,4.59048000 USDT,49.81889815 USDT,Доступно: 49.81889815 USDT
822	,2025-12-23 10:16:47,Купить,982535886596	,10.32858000 USDT,45.22841815 USDT,Доступно: 45.22841815 USDT
823	,2025-12-23 10:16:47,Купить,982535886596	,11.47620000 USDT,34.89983815 USDT,Доступно: 34.89983815 USDT
824	,2025-12-23 10:16:47,Купить,982535886596	,11.47620000 USDT,23.42363815 USDT,Доступно: 23.42363815 USDT
825	,2025-12-23 10:16:47,Купить,982535886596	,11.47620000 USDT,11.94743815 USDT,Доступно: 11.94743815 USDT
826	,2025-12-23 10:15:34,Торговые комиссии,982535547026	,-0.004301249999 GT,1.845927687119 GT,Доступно: 1.845927687119 GT
827	,2025-12-23 10:15:34,Купить,982535547026	,86.000000000000 RAVE,356.000000000000 RAVE,Доступно: 86.000000000000 RAVE
828	,2025-12-23 10:15:34,Продажа,982535547026	,-49.32100000 USDT,0.47123815 USDT,Доступно: 0.47123815 USDT
829	,2025-12-23 10:15:24,Торговые комиссии,982534801235	,-0.001996151162 GT,1.850228937119 GT,Доступно: 1.850228937119 GT
830	,2025-12-23 10:15:24,Торговые комиссии,982534801235	,-0.000748556686 GT,1.852225088281 GT,Доступно: 1.852225088281 GT
831	,2025-12-23 10:15:24,Торговые комиссии,982534801235	,-0.000798460465 GT,1.852973644967 GT,Доступно: 1.852973644967 GT
832	,2025-12-23 10:15:24,Торговые комиссии,982534801235	,-0.000798460465 GT,1.853772105433 GT,Доступно: 1.853772105433 GT
833	,2025-12-23 10:15:24,Продажа,982534801235	,-40.000000000000 RAVE,270.000000000000 RAVE,Доступно: 0.000000000000 RAVE
834	,2025-12-23 10:15:24,Продажа,982534801235	,-15.000000000000 RAVE,310.000000000000 RAVE,Доступно: 0.000000000000 RAVE
835	,2025-12-23 10:15:24,Продажа,982534801235	,-16.000000000000 RAVE,325.000000000000 RAVE,Доступно: 0.000000000000 RAVE
836	,2025-12-23 10:15:24,Продажа,982534801235	,-16.000000000000 RAVE,341.000000000000 RAVE,Доступно: 0.000000000000 RAVE
837	,2025-12-23 10:15:24,Купить,982534801235	,22.88920000 USDT,49.79223815 USDT,Доступно: 49.79223815 USDT
838	,2025-12-23 10:15:24,Купить,982534801235	,8.58345000 USDT,26.90303815 USDT,Доступно: 26.90303815 USDT
839	,2025-12-23 10:15:24,Купить,982534801235	,9.15568000 USDT,18.31958815 USDT,Доступно: 18.31958815 USDT
840	,2025-12-23 10:15:24,Купить,982534801235	,9.15568000 USDT,9.16390815 USDT,Доступно: 9.16390815 USDT
841	,2025-12-23 10:12:41,Торговые комиссии,982534221275	,-0.004037358971 GT,1.854570565898 GT,Доступно: 1.854570565898 GT
842	,2025-12-23 10:12:41,Купить,982534221275	,81.000000000000 RAVE,357.000000000000 RAVE,Доступно: 87.000000000000 RAVE
843	,2025-12-23 10:12:41,Продажа,982534221275	,-46.25019000 USDT,0.00822815 USDT,Доступно: 0.00822815 USDT
844	,2025-12-23 10:12:02,Торговые комиссии,982534221275	,-0.000298773837 GT,1.858607924870 GT,Доступно: 1.858607924870 GT
845	,2025-12-23 10:12:02,Купить,982534221275	,6.000000000000 RAVE,276.000000000000 RAVE,Доступно: 6.000000000000 RAVE
846	,2025-12-23 10:12:02,Продажа,982534221275	,-3.42594000 USDT,46.25841815 USDT,Доступно: 0.00822815 USDT
847	,2025-12-23 10:09:42,Торговые комиссии,982533597626	,-0.002158372841 GT,1.858906698707 GT,Доступно: 1.858906698707 GT
848	,2025-12-23 10:09:42,Торговые комиссии,982533597626	,-0.002158372841 GT,1.861065071549 GT,Доступно: 1.861065071549 GT
849	,2025-12-23 10:09:42,Продажа,982533597626	,-44.000000000000 RAVE,270.000000000000 RAVE,Доступно: 0.000000000000 RAVE
850	,2025-12-23 10:09:42,Продажа,982533597626	,-44.000000000000 RAVE,314.000000000000 RAVE,Доступно: 0.000000000000 RAVE
851	,2025-12-23 10:09:42,Купить,982533597626	,24.72536000 USDT,49.68435815 USDT,Доступно: 49.68435815 USDT
852	,2025-12-23 10:09:42,Купить,982533597626	,24.72536000 USDT,24.95899815 USDT,Доступно: 24.95899815 USDT
853	,2025-12-23 10:09:26,Торговые комиссии,982533518163	,-0.004279102325 GT,1.863223444391 GT,Доступно: 1.863223444391 GT
854	,2025-12-23 10:09:26,Купить,982533518163	,88.000000000000 RAVE,358.000000000000 RAVE,Доступно: 88.000000000000 RAVE
855	,2025-12-23 10:09:26,Продажа,982533518163	,-49.06704000 USDT,0.23363815 USDT,Доступно: 0.21339815 USDT
856	,2025-12-23 10:09:14,Торговые комиссии,982531646435	,-0.004278720465 GT,1.867502546716 GT,Доступно: 1.867502546716 GT
857	,2025-12-23 10:09:14,Продажа,982531646435	,-88.000000000000 RAVE,270.000000000000 RAVE,Доступно: 0.000000000000 RAVE
858	,2025-12-23 10:09:14,Купить,982531646435	,49.01512000 USDT,49.30067815 USDT,Доступно: 49.30067815 USDT
859	,2025-12-23 10:03:07,Торговые комиссии,982531249799	,-0.004271038603 GT,1.871781267182 GT,Доступно: 1.871781267182 GT
860	,2025-12-23 10:03:07,Купить,982531249799	,88.000000000000 RAVE,358.000000000000 RAVE,Доступно: 88.000000000000 RAVE
861	,2025-12-23 10:03:07,Продажа,982531249799	,-48.92712000 USDT,0.28555815 USDT,Доступно: 0.28555815 USDT
862	,2025-12-23 10:01:43,Торговые комиссии,982530940023	,-0.004267658583 GT,1.876052305785 GT,Доступно: 1.876052305785 GT
863	,2025-12-23 10:01:43,Продажа,982530940023	,-88.000000000000 RAVE,270.000000000000 RAVE,Доступно: 0.000000000000 RAVE
864	,2025-12-23 10:01:43,Купить,982530940023	,48.88840000 USDT,49.21267815 USDT,Доступно: 49.21267815 USDT
865	,2025-12-23 10:01:06,Торговые комиссии,982530691887	,-0.003336835984 GT,1.880319964369 GT,Доступно: 1.880319964369 GT
866	,2025-12-23 10:01:06,Торговые комиссии,982530691887	,-0.000773759068 GT,1.883656800353 GT,Доступно: 1.883656800353 GT
867	,2025-12-23 10:01:06,Торговые комиссии,982530691887	,-0.000145079825 GT,1.884430559422 GT,Доступно: 1.884430559422 GT
868	,2025-12-23 10:01:06,Купить,982530691887	,69.000000000000 RAVE,358.000000000000 RAVE,Доступно: 88.000000000000 RAVE
869	,2025-12-23 10:01:06,Купить,982530691887	,16.000000000000 RAVE,289.000000000000 RAVE,Доступно: 19.000000000000 RAVE
870	,2025-12-23 10:01:06,Купить,982530691887	,3.000000000000 RAVE,273.000000000000 RAVE,Доступно: 3.000000000000 RAVE
871	,2025-12-23 10:01:06,Продажа,982530691887	,-38.22531000 USDT,0.32427815 USDT,Доступно: 0.32427815 USDT
872	,2025-12-23 10:01:06,Продажа,982530691887	,-8.86384000 USDT,38.54958815 USDT,Доступно: 0.32427815 USDT
873	,2025-12-23 10:01:06,Продажа,982530691887	,-1.66197000 USDT,47.41342815 USDT,Доступно: 0.32427815 USDT
874	,2025-12-23 10:00:00,Торговые комиссии,982530344405	,-0.000482258720 GT,1.884575639248 GT,Доступно: 1.884575639248 GT
875	,2025-12-23 10:00:00,Торговые комиссии,982530344405	,-0.001253872674 GT,1.885057897969 GT,Доступно: 1.885057897969 GT
876	,2025-12-23 10:00:00,Торговые комиссии,982530344405	,-0.001253872674 GT,1.886311770643 GT,Доступно: 1.886311770643 GT
877	,2025-12-23 10:00:00,Торговые комиссии,982530344405	,-0.001253872674 GT,1.887565643317 GT,Доступно: 1.887565643317 GT
878	,2025-12-23 10:00:00,Продажа,982530344405	,-10.000000000000 RAVE,270.000000000000 RAVE,Доступно: 0.000000000000 RAVE
879	,2025-12-23 10:00:00,Продажа,982530344405	,-26.000000000000 RAVE,280.000000000000 RAVE,Доступно: 0.000000000000 RAVE
880	,2025-12-23 10:00:00,Продажа,982530344405	,-26.000000000000 RAVE,306.000000000000 RAVE,Доступно: 0.000000000000 RAVE
881	,2025-12-23 10:00:00,Продажа,982530344405	,-26.000000000000 RAVE,332.000000000000 RAVE,Доступно: 0.000000000000 RAVE
882	,2025-12-23 10:00:00,Купить,982530344405	,5.52990000 USDT,49.07539815 USDT,Доступно: 49.07539815 USDT
883	,2025-12-23 10:00:00,Купить,982530344405	,14.37774000 USDT,43.54549815 USDT,Доступно: 43.54549815 USDT
884	,2025-12-23 10:00:00,Купить,982530344405	,14.37774000 USDT,29.16775815 USDT,Доступно: 29.16775815 USDT
885	,2025-12-23 10:00:00,Купить,982530344405	,14.37774000 USDT,14.79001815 USDT,Доступно: 14.79001815 USDT
886	,2025-12-23 09:59:33,Торговые комиссии,982530296188	,-0.004235358139 GT,1.888819515992 GT,Доступно: 1.888819515992 GT
887	,2025-12-23 09:59:33,Купить,982530296188	,88.000000000000 RAVE,358.000000000000 RAVE,Доступно: 88.000000000000 RAVE
888	,2025-12-23 09:59:33,Продажа,982530296188	,-48.56544000 USDT,0.41227815 USDT,Доступно: 0.40259815 USDT
889	,2025-12-23 09:59:10,Торговые комиссии,982530192092	,-0.003710773255 GT,1.893054874131 GT,Доступно: 1.893054874131 GT
890	,2025-12-23 09:59:10,Продажа,982530192092	,-77.000000000000 RAVE,270.000000000000 RAVE,Доступно: 0.000000000000 RAVE
891	,2025-12-23 09:59:10,Купить,982530192092	,42.55020000 USDT,48.97771815 USDT,Доступно: 48.97771815 USDT
892	,2025-12-23 09:59:09,Торговые комиссии,982530192092	,-0.000530110465 GT,1.896765647387 GT,Доступно: 1.896765647387 GT
893	,2025-12-23 09:59:09,Продажа,982530192092	,-11.000000000000 RAVE,347.000000000000 RAVE,Доступно: 0.000000000000 RAVE
894	,2025-12-23 09:59:09,Купить,982530192092	,6.07860000 USDT,6.42751815 USDT,Доступно: 6.42751815 USDT
895	,2025-12-23 09:58:57,Торговые комиссии,982530131565	,-0.002117735790 GT,1.897295757852 GT,Доступно: 1.897295757852 GT
896	,2025-12-23 09:58:57,Торговые комиссии,982530131565	,-0.001010737536 GT,1.899413493643 GT,Доступно: 1.899413493643 GT
897	,2025-12-23 09:58:57,Торговые комиссии,982530131565	,-0.001106998254 GT,1.900424231179 GT,Доступно: 1.900424231179 GT
898	,2025-12-23 09:58:57,Купить,982530131565	,44.000000000000 RAVE,358.000000000000 RAVE,Доступно: 88.000000000000 RAVE
899	,2025-12-23 09:58:57,Купить,982530131565	,21.000000000000 RAVE,314.000000000000 RAVE,Доступно: 44.000000000000 RAVE
900	,2025-12-23 09:58:57,Купить,982530131565	,23.000000000000 RAVE,293.000000000000 RAVE,Доступно: 23.000000000000 RAVE
901	,2025-12-23 09:58:57,Продажа,982530131565	,-24.25984000 USDT,0.34891815 USDT,Доступно: 0.34891815 USDT
902	,2025-12-23 09:58:57,Продажа,982530131565	,-11.57856000 USDT,24.60875815 USDT,Доступно: 0.34891815 USDT
903	,2025-12-23 09:58:57,Продажа,982530131565	,-12.68128000 USDT,36.18731815 USDT,Доступно: 0.34891815 USDT
904	,2025-12-23 09:57:51,Торговые комиссии,982529737966	,-0.000481862269 GT,1.901531229433 GT,Доступно: 1.901531229433 GT
905	,2025-12-23 09:57:51,Торговые комиссии,982529737966	,-0.001879262851 GT,1.902013091703 GT,Доступно: 1.902013091703 GT
906	,2025-12-23 09:57:51,Торговые комиссии,982529737966	,-0.001879262851 GT,1.903892354555 GT,Доступно: 1.903892354555 GT
907	,2025-12-23 09:57:51,Продажа,982529737966	,-10.000000000000 RAVE,270.000000000000 RAVE,Доступно: 0.000000000000 RAVE
908	,2025-12-23 09:57:51,Продажа,982529737966	,-39.000000000000 RAVE,280.000000000000 RAVE,Доступно: 0.000000000000 RAVE
909	,2025-12-23 09:57:51,Продажа,982529737966	,-39.000000000000 RAVE,319.000000000000 RAVE,Доступно: 0.000000000000 RAVE
910	,2025-12-23 09:57:51,Купить,982529737966	,5.52000000 USDT,48.86859815 USDT,Доступно: 48.86859815 USDT
911	,2025-12-23 09:57:51,Купить,982529737966	,21.52800000 USDT,43.34859815 USDT,Доступно: 43.34859815 USDT
912	,2025-12-23 09:57:51,Купить,982529737966	,21.52800000 USDT,21.82059815 USDT,Доступно: 21.82059815 USDT
913	,2025-12-23 09:57:20,Торговые комиссии,982529589980	,-0.004234319301 GT,1.905771617406 GT,Доступно: 1.905771617406 GT
914	,2025-12-23 09:57:20,Купить,982529589980	,88.000000000000 RAVE,358.000000000000 RAVE,Доступно: 88.000000000000 RAVE
915	,2025-12-23 09:57:20,Продажа,982529589980	,-48.50648000 USDT,0.29259815 USDT,Доступно: 0.29259815 USDT
916	,2025-12-23 09:57:00,Торговые комиссии,982528276562	,-0.001156218040 GT,1.910005936708 GT,Доступно: 1.910005936708 GT
917	,2025-12-23 09:57:00,Торговые комиссии,982528276562	,-0.001059866537 GT,1.911162154749 GT,Доступно: 1.911162154749 GT
918	,2025-12-23 09:57:00,Торговые комиссии,982528276562	,-0.001059866537 GT,1.912222021286 GT,Доступно: 1.912222021286 GT
919	,2025-12-23 09:57:00,Торговые комиссии,982528276562	,-0.000963515033 GT,1.913281887823 GT,Доступно: 1.913281887823 GT
920	,2025-12-23 09:57:00,Продажа,982528276562	,-24.000000000000 RAVE,270.000000000000 RAVE,Доступно: 0.000000000000 RAVE
921	,2025-12-23 09:57:00,Продажа,982528276562	,-22.000000000000 RAVE,294.000000000000 RAVE,Доступно: 0.000000000000 RAVE
922	,2025-12-23 09:57:00,Продажа,982528276562	,-22.000000000000 RAVE,316.000000000000 RAVE,Доступно: 0.000000000000 RAVE
923	,2025-12-23 09:57:00,Продажа,982528276562	,-20.000000000000 RAVE,338.000000000000 RAVE,Доступно: 0.000000000000 RAVE
924	,2025-12-23 09:57:00,Купить,982528276562	,13.24512000 USDT,48.79907815 USDT,Доступно: 48.79907815 USDT
925	,2025-12-23 09:57:00,Купить,982528276562	,12.14136000 USDT,35.55395815 USDT,Доступно: 35.55395815 USDT
926	,2025-12-23 09:57:00,Купить,982528276562	,12.14136000 USDT,23.41259815 USDT,Доступно: 23.41259815 USDT
927	,2025-12-23 09:57:00,Купить,982528276562	,11.03760000 USDT,11.27123815 USDT,Доступно: 11.27123815 USDT
928	,2025-12-23 09:52:37,Торговые комиссии,982528108669	,-0.004037010669 GT,1.914245402857 GT,Доступно: 1.914245402857 GT
929	,2025-12-23 09:52:37,Торговые комиссии,982528108669	,-0.000192238603 GT,1.918282413526 GT,Доступно: 1.918282413526 GT
930	,2025-12-23 09:52:37,Купить,982528108669	,84.000000000000 RAVE,358.000000000000 RAVE,Доступно: 88.000000000000 RAVE
931	,2025-12-23 09:52:37,Купить,982528108669	,4.000000000000 RAVE,274.000000000000 RAVE,Доступно: 4.000000000000 RAVE
932	,2025-12-23 09:52:37,Продажа,982528108669	,-46.24620000 USDT,0.23363815 USDT,Доступно: 0.23363815 USDT
933	,2025-12-23 09:52:37,Продажа,982528108669	,-2.20220000 USDT,46.47983815 USDT,Доступно: 0.23363815 USDT
934	,2025-12-23 09:52:05,Торговые комиссии,982526838299	,-0.002990988349 GT,1.918474652130 GT,Доступно: 1.918474652130 GT
935	,2025-12-23 09:52:05,Торговые комиссии,982526838299	,-0.001254285436 GT,1.921465640479 GT,Доступно: 1.921465640479 GT
936	,2025-12-23 09:52:05,Продажа,982526838299	,-62.000000000000 RAVE,270.000000000000 RAVE,Доступно: 0.000000000000 RAVE
937	,2025-12-23 09:52:05,Продажа,982526838299	,-26.000000000000 RAVE,332.000000000000 RAVE,Доступно: 0.000000000000 RAVE
938	,2025-12-23 09:52:05,Купить,982526838299	,34.23020000 USDT,48.68203815 USDT,Доступно: 48.68203815 USDT
939	,2025-12-23 09:52:05,Купить,982526838299	,14.35460000 USDT,14.45183815 USDT,Доступно: 14.45183815 USDT
940	,2025-12-23 09:48:32,Торговые комиссии,982526066172	,-0.001536298252 GT,1.922719925916 GT,Доступно: 1.922719925916 GT
941	,2025-12-23 09:48:32,Торговые комиссии,982526066172	,-0.001680326213 GT,1.924256224169 GT,Доступно: 1.924256224169 GT
942	,2025-12-23 09:48:32,Купить,982526066172	,32.000000000000 RAVE,358.000000000000 RAVE,Доступно: 88.000000000000 RAVE
943	,2025-12-23 09:48:32,Купить,982526066172	,35.000000000000 RAVE,326.000000000000 RAVE,Доступно: 56.000000000000 RAVE
944	,2025-12-23 09:48:32,Продажа,982526066172	,-17.58208000 USDT,0.09723815 USDT,Доступно: 0.09723815 USDT
945	,2025-12-23 09:48:32,Продажа,982526066172	,-19.23040000 USDT,17.67931815 USDT,Доступно: 0.09723815 USDT
946	,2025-12-23 09:43:59,Торговые комиссии,982029022202	,-0.002706367346 GT,1.925936550382 GT,Доступно: 1.925936550382 GT
947	,2025-12-23 09:43:59,Торговые комиссии,982029022202	,-0.000483279883 GT,1.928642917729 GT,Доступно: 1.928642917729 GT
948	,2025-12-23 09:43:59,Продажа,982029022202	,-56.000000000000 RAVE,291.000000000000 RAVE,Доступно: 21.000000000000 RAVE
949	,2025-12-23 09:43:59,Продажа,982029022202	,-10.000000000000 RAVE,347.000000000000 RAVE,Доступно: 21.000000000000 RAVE
950	,2025-12-23 09:43:59,Купить,982029022202	,30.94280000 USDT,36.90971815 USDT,Доступно: 36.90971815 USDT
951	,2025-12-23 09:43:59,Купить,982029022202	,5.52550000 USDT,5.96691815 USDT,Доступно: 5.96691815 USDT
952	,2025-12-22 10:40:36,Торговые комиссии,982032955112	,-0.001013266216 GT,1.929126197612 GT,Доступно: 0.289126197612 GT
953	,2025-12-22 10:40:36,Купить,982032955112	,21.000000000000 RAVE,357.000000000000 RAVE,Доступно: 21.000000000000 RAVE
954	,2025-12-22 10:40:36,Продажа,982032955112	,-11.66382000 USDT,0.44141815 USDT,Доступно: 0.44141815 USDT
955	,2025-12-22 10:26:00,Торговые комиссии,982028860403	,-0.003038851301 GT,1.930139463829 GT,Доступно: 0.290139463829 GT
956	,2025-12-22 10:26:00,Купить,982028860403	,66.000000000000 RAVE,336.000000000000 RAVE,Доступно: 66.000000000000 RAVE
957	,2025-12-22 10:26:00,Продажа,982028860403	,-35.01432000 USDT,12.10523815 USDT,Доступно: 12.10523815 USDT
958	,2025-12-22 10:16:07,Торговые комиссии,982025359105	,-0.002481303474 GT,1.933178315131 GT,Доступно: 0.293178315131 GT
959	,2025-12-22 10:16:07,Купить,982025359105	,52.000000000000 RAVE,270.000000000000 RAVE,Доступно: 187.000000000000 RAVE
960	,2025-12-22 10:16:07,Продажа,982025359105	,-28.56256000 USDT,47.11955815 USDT,Доступно: 47.11955815 USDT
961	,2025-12-22 10:12:26,Торговые комиссии,982024688658	,-0.002160401351 GT,1.935659618605 GT,Доступно: 0.295659618605 GT
962	,2025-12-22 10:12:26,Купить,982024688658	,43.000000000000 RAVE,218.000000000000 RAVE,Доступно: 135.000000000000 RAVE
963	,2025-12-22 10:12:26,Продажа,982024688658	,-24.86862000 USDT,75.68211815 USDT,Доступно: 75.68211815 USDT
964	,2025-12-22 10:09:37,Торговые комиссии,982023828692	,-0.000408948891 GT,1.937820019957 GT,Доступно: 0.297820019957 GT
965	,2025-12-22 10:09:37,Торговые комиссии,982023828692	,-0.000511186113 GT,1.938228968848 GT,Доступно: 0.298228968848 GT
966	,2025-12-22 10:09:37,Торговые комиссии,982023828692	,-0.000562304725 GT,1.938740154962 GT,Доступно: 0.298740154962 GT
967	,2025-12-22 10:09:37,Купить,982023828692	,8.000000000000 RAVE,175.000000000000 RAVE,Доступно: 92.000000000000 RAVE
968	,2025-12-22 10:09:37,Купить,982023828692	,10.000000000000 RAVE,167.000000000000 RAVE,Доступно: 84.000000000000 RAVE
969	,2025-12-22 10:09:37,Купить,982023828692	,11.000000000000 RAVE,157.000000000000 RAVE,Доступно: 74.000000000000 RAVE
970	,2025-12-22 10:09:37,Продажа,982023828692	,-4.71200000 USDT,100.55073815 USDT,Доступно: 100.55073815 USDT
971	,2025-12-22 10:09:37,Продажа,982023828692	,-5.89000000 USDT,105.26273815 USDT,Доступно: 100.55073815 USDT
972	,2025-12-22 10:09:37,Продажа,982023828692	,-6.47900000 USDT,111.15273815 USDT,Доступно: 100.55073815 USDT
973	,2025-12-22 10:05:04,Торговые комиссии,982022049383	,-0.003326909335 GT,1.939302459687 GT,Доступно: 0.299302459687 GT
974	,2025-12-22 10:05:04,Купить,982022049383	,63.000000000000 RAVE,146.000000000000 RAVE,Доступно: 63.000000000000 RAVE
975	,2025-12-22 10:05:04,Продажа,982022049383	,-38.40732000 USDT,117.63173815 USDT,Доступно: 117.59267815 USDT
976	,2025-12-22 09:42:18,Торговые комиссии,982015130103	,-0.000053914864 GT,1.942629369023 GT,Доступно: 0.302629369023 GT
977	,2025-12-22 09:42:18,Торговые комиссии,982015130103	,-0.004421018918 GT,1.942683283888 GT,Доступно: 0.302683283888 GT
978	,2025-12-22 09:42:18,Купить,982015130103	,1.000000000000 RAVE,83.000000000000 RAVE,Доступно: 83.000000000000 RAVE
979	,2025-12-22 09:42:18,Купить,982015130103	,82.000000000000 RAVE,82.000000000000 RAVE,Доступно: 82.000000000000 RAVE
980	,2025-12-22 09:42:18,Продажа,982015130103	,-0.62062000 USDT,156.03905815 USDT,Доступно: 156.03905815 USDT
981	,2025-12-22 09:42:18,Продажа,982015130103	,-50.89084000 USDT,156.65967815 USDT,Доступно: 156.03905815 USDT
982	,2025-12-21 22:40:10,Торговые комиссии,981798293160	,-0.005166418359 GT,1.947104302806 GT,Доступно: 0.307104302806 GT
983	,2025-12-21 22:40:10,Продажа,981798293160	,-84.000000000000 RAVE,0.000000000000 RAVE,Доступно: 0.000000000000 RAVE
984	,2025-12-21 22:40:10,Купить,981798293160	,58.78236000 USDT,207.55051815 USDT,Доступно: 207.55051815 USDT
985	,2025-12-21 22:40:07,Торговые комиссии,981798844825	,-0.006060366210 GT,1.952270721166 GT,Доступно: 0.312270721166 GT
986	,2025-12-21 22:40:07,Продажа,981798844825	,-99.000000000000 RAVE,84.000000000000 RAVE,Доступно: 0.000000000000 RAVE
987	,2025-12-21 22:40:07,Купить,981798844825	,68.95350000 USDT,148.76815815 USDT,Доступно: 148.76815815 USDT
988	,2025-12-21 22:36:35,Торговые комиссии,981789903531	,-0.001977880645 GT,1.958331087377 GT,Доступно: 0.318331087377 GT
989	,2025-12-21 22:36:35,Купить,981789903531	,33.000000000000 RAVE,183.000000000000 RAVE,Доступно: 99.000000000000 RAVE
990	,2025-12-21 22:36:35,Продажа,981789903531	,-22.48191000 USDT,79.81465815 USDT,Доступно: 79.81465815 USDT
991	,2025-12-21 22:36:20,Торговые комиссии,981798631266	,-0.001205718750 GT,1.960308968022 GT,Доступно: 0.320308968022 GT
992	,2025-12-21 22:36:20,Купить,981798631266	,20.000000000000 RAVE,150.000000000000 RAVE,Доступно: 66.000000000000 RAVE
993	,2025-12-21 22:36:20,Продажа,981798631266	,-13.71840000 USDT,102.29656815 USDT,Доступно: 79.81145815 USDT
994	,2025-12-21 22:35:46,Торговые комиссии,981798502762	,-0.001092946289 GT,1.961514686772 GT,Доступно: 0.321514686772 GT
995	,2025-12-21 22:35:46,Купить,981798502762	,18.000000000000 RAVE,130.000000000000 RAVE,Доступно: 46.000000000000 RAVE
996	,2025-12-21 22:35:46,Продажа,981798502762	,-12.43530000 USDT,116.01496815 USDT,Доступно: 93.52135815 USDT
997	,2025-12-21 22:35:38,Торговые комиссии,981798461307	,-0.001703903906 GT,1.962607633061 GT,Доступно: 0.322607633061 GT
998	,2025-12-21 22:35:38,Купить,981798461307	,28.000000000000 RAVE,112.000000000000 RAVE,Доступно: 28.000000000000 RAVE
999	,2025-12-21 22:35:38,Продажа,981798461307	,-19.38664000 USDT,128.45026815 USDT,Доступно: 105.96835815 USDT
1000	,2025-12-21 22:34:55,Торговые комиссии,981798248396	,-0.005133638671 GT,1.964311536967 GT,Доступно: 0.324311536967 GT
1001	,2025-12-21 22:34:55,Купить,981798248396	,84.000000000000 RAVE,84.000000000000 RAVE,Доступно: 84.000000000000 RAVE
1002	,2025-12-21 22:34:55,Продажа,981798248396	,-58.40940000 USDT,147.83690815 USDT,Доступно: 125.35499815 USDT
1003	,2025-12-21 22:34:45,Торговые комиссии,981798207689	,-0.002383337988 GT,1.969445175639 GT,Доступно: 0.329445175639 GT
1004	,2025-12-21 22:34:45,Продажа,981798207689	,-39.000000000000 RAVE,0.000000000000 RAVE,Доступно: 0.000000000000 RAVE
1005	,2025-12-21 22:34:45,Купить,981798207689	,27.11709000 USDT,206.24630815 USDT,Доступно: 183.76439815 USDT
1006	,2025-12-21 22:34:27,Торговые комиссии,981797820644	,-0.002380390136 GT,1.971828513627 GT,Доступно: 0.331828513627 GT
1007	,2025-12-21 22:34:27,Купить,981797820644	,39.000000000000 RAVE,39.000000000000 RAVE,Доступно: 39.000000000000 RAVE
1008	,2025-12-21 22:34:27,Продажа,981797820644	,-27.08355000 USDT,179.12921815 USDT,Доступно: 156.64730815 USDT
1009	,2025-12-21 22:32:43,Торговые комиссии,981796662415	,-0.000368861132 GT,1.974208903764 GT,Доступно: 0.334208903764 GT
1010	,2025-12-21 22:32:43,Торговые комиссии,981796662415	,-0.000614768554 GT,1.974577764897 GT,Доступно: 0.334577764897 GT
1011	,2025-12-21 22:32:43,Продажа,981796662415	,-6.000000000000 RAVE,0.000000000000 RAVE,Доступно: 0.000000000000 RAVE
1012	,2025-12-21 22:32:43,Продажа,981796662415	,-10.000000000000 RAVE,6.000000000000 RAVE,Доступно: 0.000000000000 RAVE
1013	,2025-12-21 22:32:43,Купить,981796662415	,4.19682000 USDT,206.21276815 USDT,Доступно: 183.73085815 USDT
1014	,2025-12-21 22:32:43,Купить,981796662415	,6.99470000 USDT,202.01594815 USDT,Доступно: 179.53403815 USDT
1015	,2025-12-21 22:29:00,Торговые комиссии,981796443393	,-0.000060555512 GT,1.975192533452 GT,Доступно: 0.335192533452 GT
1016	,2025-12-21 22:29:00,Торговые комиссии,981796443393	,-0.000968888195 GT,1.975253088964 GT,Доступно: 0.335253088964 GT
1017	,2025-12-21 22:29:00,Торговые комиссии,981796443393	,-0.000847777170 GT,1.976221977159 GT,Доступно: 0.336221977159 GT
1018	,2025-12-21 22:29:00,Торговые комиссии,981796443393	,-0.000968888195 GT,1.977069754330 GT,Доступно: 0.337069754330 GT
1019	,2025-12-21 22:29:00,Продажа,981796443393	,-1.000000000000 RAVE,16.000000000000 RAVE,Доступно: 16.000000000000 RAVE
1020	,2025-12-21 22:29:00,Продажа,981796443393	,-16.000000000000 RAVE,17.000000000000 RAVE,Доступно: 16.000000000000 RAVE
1021	,2025-12-21 22:29:00,Продажа,981796443393	,-14.000000000000 RAVE,33.000000000000 RAVE,Доступно: 16.000000000000 RAVE
1022	,2025-12-21 22:29:00,Продажа,981796443393	,-16.000000000000 RAVE,47.000000000000 RAVE,Доступно: 16.000000000000 RAVE
1023	,2025-12-21 22:29:00,Купить,981796443393	,0.68966000 USDT,195.02124815 USDT,Доступно: 79.21398815 USDT
1024	,2025-12-21 22:29:00,Купить,981796443393	,11.03456000 USDT,194.33158815 USDT,Доступно: 78.52432815 USDT
1025	,2025-12-21 22:29:00,Купить,981796443393	,9.65524000 USDT,183.29702815 USDT,Доступно: 67.48976815 USDT
1026	,2025-12-21 22:29:00,Купить,981796443393	,11.03456000 USDT,173.64178815 USDT,Доступно: 57.83452815 USDT
1027	,2025-12-21 22:28:50,Торговые комиссии,981796373536	,-0.000965966048 GT,1.978038642525 GT,Доступно: 0.338038642525 GT
1028	,2025-12-21 22:28:50,Купить,981796373536	,16.000000000000 RAVE,63.000000000000 RAVE,Доступно: 16.000000000000 RAVE
1029	,2025-12-21 22:28:50,Продажа,981796373536	,-11.00128000 USDT,162.60722815 USDT,Доступно: 46.79996815 USDT
1030	,2025-12-21 22:28:03,Торговые комиссии,981796292468	,-0.000303912597 GT,1.979004608574 GT,Доступно: 0.339004608574 GT
1031	,2025-12-21 22:28:03,Торговые комиссии,981796292468	,-0.000668607714 GT,1.979308521171 GT,Доступно: 0.339308521171 GT
1032	,2025-12-21 22:28:03,Торговые комиссии,981796292468	,-0.000668607714 GT,1.979977128886 GT,Доступно: 0.339977128886 GT
1033	,2025-12-21 22:28:03,Купить,981796292468	,5.000000000000 RAVE,47.000000000000 RAVE,Доступно: 47.000000000000 RAVE
1034	,2025-12-21 22:28:03,Купить,981796292468	,11.000000000000 RAVE,42.000000000000 RAVE,Доступно: 42.000000000000 RAVE
1035	,2025-12-21 22:28:03,Купить,981796292468	,11.000000000000 RAVE,31.000000000000 RAVE,Доступно: 31.000000000000 RAVE
1036	,2025-12-21 22:28:03,Продажа,981796292468	,-3.45785000 USDT,173.60850815 USDT,Доступно: 57.80124815 USDT
1037	,2025-12-21 22:28:03,Продажа,981796292468	,-7.60727000 USDT,177.06635815 USDT,Доступно: 57.80124815 USDT
1038	,2025-12-21 22:28:03,Продажа,981796292468	,-7.60727000 USDT,184.67362815 USDT,Доступно: 57.80124815 USDT
1039	,2025-12-21 22:27:27,Торговые комиссии,981793976332	,-0.000606494634 GT,1.980645736601 GT,Доступно: 0.340645736601 GT
1040	,2025-12-21 22:27:27,Торговые комиссии,981793976332	,-0.000606494634 GT,1.981252231235 GT,Доступно: 0.341252231235 GT
1041	,2025-12-21 22:27:27,Купить,981793976332	,10.000000000000 RAVE,20.000000000000 RAVE,Доступно: 20.000000000000 RAVE
1042	,2025-12-21 22:27:27,Купить,981793976332	,10.000000000000 RAVE,10.000000000000 RAVE,Доступно: 10.000000000000 RAVE
1043	,2025-12-21 22:27:27,Продажа,981793976332	,-6.90730000 USDT,192.28089815 USDT,Доступно: 76.47363815 USDT
1044	,2025-12-21 22:27:27,Продажа,981793976332	,-6.90730000 USDT,199.18819815 USDT,Доступно: 76.47363815 USDT
1045	,2025-12-21 22:16:00,Торговые комиссии,981793111164	,-0.000061252682 GT,1.981858725869 GT,Доступно: 0.341858725869 GT
1046	,2025-12-21 22:16:00,Торговые комиссии,981793111164	,-0.000367516097 GT,1.981919978552 GT,Доступно: 0.341919978552 GT
1047	,2025-12-21 22:16:00,Торговые комиссии,981793111164	,-0.000551274146 GT,1.982287494650 GT,Доступно: 0.342287494650 GT
1048	,2025-12-21 22:16:00,Торговые комиссии,981793111164	,-0.000612526829 GT,1.982838768796 GT,Доступно: 0.342838768796 GT
1049	,2025-12-21 22:16:00,Торговые комиссии,981793111164	,-0.000612526829 GT,1.983451295625 GT,Доступно: 0.343451295625 GT
1050	,2025-12-21 22:16:00,Продажа,981793111164	,-1.000000000000 RAVE,0.000000000000 RAVE,Доступно: 0.000000000000 RAVE
1051	,2025-12-21 22:16:00,Продажа,981793111164	,-6.000000000000 RAVE,1.000000000000 RAVE,Доступно: 0.000000000000 RAVE
1052	,2025-12-21 22:16:00,Продажа,981793111164	,-9.000000000000 RAVE,7.000000000000 RAVE,Доступно: 0.000000000000 RAVE
1053	,2025-12-21 22:16:00,Продажа,981793111164	,-10.000000000000 RAVE,16.000000000000 RAVE,Доступно: 0.000000000000 RAVE
1054	,2025-12-21 22:16:00,Продажа,981793111164	,-10.000000000000 RAVE,26.000000000000 RAVE,Доступно: 0.000000000000 RAVE
1055	,2025-12-21 22:16:00,Купить,981793111164	,0.69760000 USDT,206.09549815 USDT,Доступно: 90.28823815 USDT
1056	,2025-12-21 22:16:00,Купить,981793111164	,4.18560000 USDT,205.39789815 USDT,Доступно: 89.59063815 USDT
1057	,2025-12-21 22:16:00,Купить,981793111164	,6.27840000 USDT,201.21229815 USDT,Доступно: 85.40503815 USDT
1058	,2025-12-21 22:16:00,Купить,981793111164	,6.97600000 USDT,194.93389815 USDT,Доступно: 79.12663815 USDT
1059	,2025-12-21 22:16:00,Купить,981793111164	,6.97600000 USDT,187.95789815 USDT,Доступно: 72.15063815 USDT
1060	,2025-12-21 22:14:41,Торговые комиссии,981792956728	,-0.002183791609 GT,1.984063822455 GT,Доступно: 0.344063822455 GT
1061	,2025-12-21 22:14:41,Купить,981792956728	,36.000000000000 RAVE,36.000000000000 RAVE,Доступно: 36.000000000000 RAVE
1062	,2025-12-21 22:14:41,Продажа,981792956728	,-24.87096000 USDT,180.98189815 USDT,Доступно: 65.17067815 USDT
1063	,2025-12-21 22:01:04,Торговые комиссии,981785703214	,-0.001635804878 GT,1.986247614064 GT,Доступно: 0.346247614064 GT
1064	,2025-12-21 22:01:04,Продажа,981785703214	,-27.000000000000 RAVE,0.000000000000 RAVE,Доступно: 0.000000000000 RAVE
1065	,2025-12-21 22:01:04,Купить,981785703214	,18.63000000 USDT,205.85285815 USDT,Доступно: 112.52750815 USDT
1066	,2025-12-21 21:49:50,Торговые комиссии,981785605014	,-0.001618631542 GT,1.987883418942 GT,Доступно: 0.347883418942 GT
1067	,2025-12-21 21:49:50,Купить,981785605014	,27.000000000000 RAVE,27.000000000000 RAVE,Доступно: 27.000000000000 RAVE
1068	,2025-12-21 21:49:50,Продажа,981785605014	,-18.41643000 USDT,187.22285815 USDT,Доступно: 93.89750815 USDT
1069	,2025-12-21 21:17:41,Торговые комиссии,981776104464	,-0.000058130136 GT,1.989502050485 GT,Доступно: 0.349502050485 GT
1070	,2025-12-21 21:17:41,Торговые комиссии,981776104464	,-0.006975616438 GT,1.989560180622 GT,Доступно: 0.349560180622 GT
1071	,2025-12-21 21:17:41,Торговые комиссии,981776104464	,-0.000523171232 GT,1.996535797061 GT,Доступно: 0.356535797061 GT
1072	,2025-12-21 21:17:41,Продажа,981776104464	,-1.000000000000 RAVE,0.000000000000 RAVE,Доступно: 0.000000000000 RAVE
1073	,2025-12-21 21:17:41,Продажа,981776104464	,-120.000000000000 RAVE,1.000000000000 RAVE,Доступно: 0.000000000000 RAVE
1074	,2025-12-21 21:17:41,Продажа,981776104464	,-9.000000000000 RAVE,121.000000000000 RAVE,Доступно: 0.000000000000 RAVE
1075	,2025-12-21 21:17:41,Купить,981776104464	,0.66010000 USDT,205.63928815 USDT,Доступно: 148.90928815 USDT
1076	,2025-12-21 21:17:41,Купить,981776104464	,79.21200000 USDT,204.97918815 USDT,Доступно: 148.24918815 USDT
1077	,2025-12-21 21:17:41,Купить,981776104464	,5.94090000 USDT,125.76718815 USDT,Доступно: 69.03718815 USDT
1078	,2025-12-21 21:14:15,Торговые комиссии,981776046339	,-0.003380457296 GT,1.997058968294 GT,Доступно: 0.357058968294 GT
1079	,2025-12-21 21:14:15,Купить,981776046339	,59.000000000000 RAVE,130.000000000000 RAVE,Доступно: 130.000000000000 RAVE
1080	,2025-12-21 21:14:15,Продажа,981776046339	,-38.34941000 USDT,119.82628815 USDT,Доступно: 63.09628815 USDT
1081	,2025-12-21 21:14:09,Торговые комиссии,981775977008	,-0.001842184524 GT,2.000439425590 GT,Доступно: 0.360439425590 GT
1082	,2025-12-21 21:14:09,Торговые комиссии,981775977008	,-0.002245162389 GT,2.002281610115 GT,Доступно: 0.362281610115 GT
1083	,2025-12-21 21:14:09,Купить,981775977008	,32.000000000000 RAVE,71.000000000000 RAVE,Доступно: 71.000000000000 RAVE
1084	,2025-12-21 21:14:09,Купить,981775977008	,39.000000000000 RAVE,39.000000000000 RAVE,Доступно: 39.000000000000 RAVE
1085	,2025-12-21 21:14:09,Продажа,981775977008	,-20.89856000 USDT,158.17569815 USDT,Доступно: 101.44569815 USDT
1086	,2025-12-21 21:14:09,Продажа,981775977008	,-25.47012000 USDT,179.07425815 USDT,Доступно: 101.44569815 USDT
1087	,2025-12-21 21:09:03,Торговые комиссии,981774165238	,-0.003284934769 GT,2.004526772505 GT,Доступно: 0.364526772505 GT
1088	,2025-12-21 21:09:03,Продажа,981774165238	,-56.000000000000 RAVE,0.000000000000 RAVE,Доступно: 0.000000000000 RAVE
1089	,2025-12-21 21:09:03,Купить,981774165238	,37.26576000 USDT,204.54437815 USDT,Доступно: 147.81437815 USDT
1090	,2025-12-21 21:08:04,Торговые комиссии,981774010433	,-0.003232115964 GT,2.007811707275 GT,Доступно: 0.367811707275 GT
1091	,2025-12-21 21:08:04,Купить,981774010433	,56.000000000000 RAVE,56.000000000000 RAVE,Доступно: 56.000000000000 RAVE
1092	,2025-12-21 21:08:04,Продажа,981774010433	,-36.66656000 USDT,167.27861815 USDT,Доступно: 110.54861815 USDT
1093	,2025-12-21 20:41:08,Торговые комиссии,981765829487	,-0.005029199999 GT,2.011043823240 GT,Доступно: 0.371043823240 GT
1094	,2025-12-21 20:41:08,Продажа,981765829487	,-93.000000000000 RAVE,0.000000000000 RAVE,Доступно: 0.000000000000 RAVE
1095	,2025-12-21 20:41:08,Купить,981765829487	,57.16524000 USDT,203.94517815 USDT,Доступно: 151.25137815 USDT
1096	,2025-12-21 20:39:40,Торговые комиссии,981765664827	,-0.000053779843 GT,2.016073023240 GT,Доступно: 0.376073023240 GT
1097	,2025-12-21 20:39:40,Торговые комиссии,981765664827	,-0.000215080626 GT,2.016126803083 GT,Доступно: 0.376126803083 GT
1098	,2025-12-21 20:39:40,Торговые комиссии,981765664827	,-0.002956777397 GT,2.016341883709 GT,Доступно: 0.376341883709 GT
1099	,2025-12-21 20:39:40,Купить,981765664827	,1.000000000000 RAVE,93.000000000000 RAVE,Доступно: 93.000000000000 RAVE
1100	,2025-12-21 20:39:40,Купить,981765664827	,4.000000000000 RAVE,92.000000000000 RAVE,Доступно: 92.000000000000 RAVE
1101	,2025-12-21 20:39:40,Купить,981765664827	,55.000000000000 RAVE,88.000000000000 RAVE,Доступно: 88.000000000000 RAVE
1102	,2025-12-21 20:39:40,Продажа,981765664827	,-0.61070000 USDT,146.77993815 USDT,Доступно: 94.01544815 USDT
1103	,2025-12-21 20:39:40,Продажа,981765664827	,-2.44236000 USDT,147.39063815 USDT,Доступно: 94.01544815 USDT
1104	,2025-12-21 20:39:40,Продажа,981765664827	,-33.57585000 USDT,149.83299815 USDT,Доступно: 94.01544815 USDT
1105	,2025-12-21 20:39:39,Торговые комиссии,981765664827	,-0.001772845890 GT,2.019298661107 GT,Доступно: 0.379298661107 GT
1106	,2025-12-21 20:39:39,Купить,981765664827	,33.000000000000 RAVE,33.000000000000 RAVE,Доступно: 33.000000000000 RAVE
1107	,2025-12-21 20:39:39,Продажа,981765664827	,-20.13165000 USDT,183.40884815 USDT,Доступно: 94.11204815 USDT
1108	,2025-12-21 19:57:12,Торговые комиссии,981752942486	,-0.006808479725 GT,2.021071506997 GT,Доступно: 0.381071506997 GT
1109	,2025-12-21 19:57:12,Продажа,981752942486	,-133.000000000000 RAVE,0.000000000000 RAVE,Доступно: 0.000000000000 RAVE
1110	,2025-12-21 19:57:12,Купить,981752942486	,77.23842000 USDT,203.54049815 USDT,Доступно: 203.54049815 USDT
1111	,2025-12-21 19:56:46,Торговые комиссии,981752912094	,-0.001266400293 GT,2.027879986723 GT,Доступно: 0.387879986723 GT
1112	,2025-12-21 19:56:46,Торговые комиссии,981752912094	,-0.001163934897 GT,2.029146387016 GT,Доступно: 0.389146387016 GT
1113	,2025-12-21 19:56:46,Купить,981752912094	,25.000000000000 RAVE,133.000000000000 RAVE,Доступно: 133.000000000000 RAVE
1114	,2025-12-21 19:56:46,Купить,981752912094	,23.000000000000 RAVE,108.000000000000 RAVE,Доступно: 108.000000000000 RAVE
1115	,2025-12-21 19:56:46,Продажа,981752912094	,-14.39475000 USDT,126.30207815 USDT,Доступно: 126.27216815 USDT
1116	,2025-12-21 19:56:46,Продажа,981752912094	,-13.23006000 USDT,140.69682815 USDT,Доступно: 126.27216815 USDT
1117	,2025-12-21 19:56:39,Торговые комиссии,981752886320	,-0.004294917888 GT,2.030310321913 GT,Доступно: 0.390310321913 GT
1118	,2025-12-21 19:56:39,Купить,981752886320	,85.000000000000 RAVE,85.000000000000 RAVE,Доступно: 85.000000000000 RAVE
1119	,2025-12-21 19:56:39,Продажа,981752886320	,-48.81890000 USDT,153.92688815 USDT,Доступно: 153.75603815 USDT
1120	,2025-12-21 18:36:29,Торговые комиссии,981678177513	,-0.002507054661 GT,2.034605239802 GT,Доступно: 0.394605239802 GT
1121	,2025-12-21 18:36:29,Продажа,981678177513	,-57.000000000000 RAVE,0.000000000000 RAVE,Доступно: 0.000000000000 RAVE
1122	,2025-12-21 18:36:29,Купить,981678177513	,28.38543000 USDT,202.74578815 USDT,Доступно: 170.08578815 USDT
1123	,2025-12-21 18:35:08,Торговые комиссии,981679156523	,-0.003768860510 GT,2.037112294463 GT,Доступно: 0.397112294463 GT
1124	,2025-12-21 18:35:08,Продажа,981679156523	,-87.000000000000 RAVE,57.000000000000 RAVE,Доступно: 0.000000000000 RAVE
1125	,2025-12-21 18:35:08,Купить,981679156523	,42.63000000 USDT,174.36035815 USDT,Доступно: 141.70035815 USDT
1126	,2025-12-21 17:57:25,Торговые комиссии,981712429552	,-0.002941192948 GT,2.040881154974 GT,Доступно: 0.400881154974 GT
1127	,2025-12-21 17:57:25,Продажа,981712429552	,-70.000000000000 RAVE,144.000000000000 RAVE,Доступно: 0.000000000000 RAVE
1128	,2025-12-21 17:57:25,Купить,981712429552	,33.36620000 USDT,131.73035815 USDT,Доступно: 131.73035815 USDT
1129	,2025-12-21 17:45:44,Торговые комиссии,981703008321	,-0.000571941176 GT,2.043822347922 GT,Доступно: 0.403822347922 GT
1130	,2025-12-21 17:45:44,Торговые комиссии,981703008321	,-0.000612794117 GT,2.044394289099 GT,Доступно: 0.404394289099 GT
1131	,2025-12-21 17:45:44,Торговые комиссии,981703008321	,-0.000612794117 GT,2.045007083216 GT,Доступно: 0.405007083216 GT
1132	,2025-12-21 17:45:44,Купить,981703008321	,14.000000000000 RAVE,214.000000000000 RAVE,Доступно: 70.000000000000 RAVE
1133	,2025-12-21 17:45:44,Купить,981703008321	,15.000000000000 RAVE,200.000000000000 RAVE,Доступно: 56.000000000000 RAVE
1134	,2025-12-21 17:45:44,Купить,981703008321	,15.000000000000 RAVE,185.000000000000 RAVE,Доступно: 41.000000000000 RAVE
1135	,2025-12-21 17:45:44,Продажа,981703008321	,-6.48200000 USDT,98.36415815 USDT,Доступно: 98.36415815 USDT
1136	,2025-12-21 17:45:44,Продажа,981703008321	,-6.94500000 USDT,104.84615815 USDT,Доступно: 98.36415815 USDT
1137	,2025-12-21 17:45:44,Продажа,981703008321	,-6.94500000 USDT,111.79115815 USDT,Доступно: 98.36415815 USDT
1138	,2025-12-21 17:45:36,Торговые комиссии,981703008321	,-0.000530568070 GT,2.045619877334 GT,Доступно: 0.405619877334 GT
1139	,2025-12-21 17:45:36,Торговые комиссии,981703008321	,-0.000530568070 GT,2.046150445405 GT,Доступно: 0.406150445405 GT
1140	,2025-12-21 17:45:36,Купить,981703008321	,13.000000000000 RAVE,170.000000000000 RAVE,Доступно: 26.000000000000 RAVE
1141	,2025-12-21 17:45:36,Купить,981703008321	,13.000000000000 RAVE,157.000000000000 RAVE,Доступно: 13.000000000000 RAVE
1142	,2025-12-21 17:45:36,Продажа,981703008321	,-6.01900000 USDT,118.73615815 USDT,Доступно: 98.36415815 USDT
1143	,2025-12-21 17:45:36,Продажа,981703008321	,-6.01900000 USDT,124.75515815 USDT,Доступно: 98.36415815 USDT
1144	,2025-12-21 17:11:22,Торговые комиссии,981679674592	,-0.005200956598 GT,2.046681013475 GT,Доступно: 0.406681013475 GT
1145	,2025-12-21 17:11:22,Торговые комиссии,981679674592	,-0.001279108504 GT,2.051881970073 GT,Доступно: 0.411881970073 GT
1146	,2025-12-21 17:11:22,Продажа,981679674592	,-122.000000000000 RAVE,144.000000000000 RAVE,Доступно: 0.000000000000 RAVE
1147	,2025-12-21 17:11:22,Продажа,981679674592	,-30.000000000000 RAVE,266.000000000000 RAVE,Доступно: 0.000000000000 RAVE
1148	,2025-12-21 17:11:22,Купить,981679674592	,59.11754000 USDT,130.77415815 USDT,Доступно: 130.77415815 USDT
1149	,2025-12-21 17:11:22,Купить,981679674592	,14.53920000 USDT,71.65661815 USDT,Доступно: 71.65661815 USDT
1150	,2025-12-21 17:10:44,Торговые комиссии,981695336907	,-0.000336487500 GT,2.053161078578 GT,Доступно: 0.413161078578 GT
1151	,2025-12-21 17:10:44,Торговые комиссии,981695336907	,-0.001093584375 GT,2.053497566078 GT,Доступно: 0.413497566078 GT
1152	,2025-12-21 17:10:44,Торговые комиссии,981695336907	,-0.001093584375 GT,2.054591150453 GT,Доступно: 0.414591150453 GT
1153	,2025-12-21 17:10:44,Продажа,981695336907	,-8.000000000000 RAVE,296.000000000000 RAVE,Доступно: 0.000000000000 RAVE
1154	,2025-12-21 17:10:44,Продажа,981695336907	,-26.000000000000 RAVE,304.000000000000 RAVE,Доступно: 0.000000000000 RAVE
1155	,2025-12-21 17:10:44,Продажа,981695336907	,-26.000000000000 RAVE,330.000000000000 RAVE,Доступно: 0.000000000000 RAVE
1156	,2025-12-21 17:10:44,Купить,981695336907	,3.82848000 USDT,57.11741815 USDT,Доступно: 57.11741815 USDT
1157	,2025-12-21 17:10:44,Купить,981695336907	,12.44256000 USDT,53.28893815 USDT,Доступно: 53.28893815 USDT
1158	,2025-12-21 17:10:44,Купить,981695336907	,12.44256000 USDT,40.84637815 USDT,Доступно: 40.84637815 USDT
1159	,2025-12-21 17:00:18,Торговые комиссии,981695137673	,-0.000832125367 GT,2.055684734828 GT,Доступно: 0.415684734828 GT
1160	,2025-12-21 17:00:18,Купить,981695137673	,20.000000000000 RAVE,356.000000000000 RAVE,Доступно: 60.000000000000 RAVE
1161	,2025-12-21 17:00:18,Продажа,981695137673	,-9.44000000 USDT,28.40381815 USDT,Доступно: 28.40381815 USDT
1162	,2025-12-21 17:00:15,Торговые комиссии,981695137673	,-0.001664250734 GT,2.056516860195 GT,Доступно: 0.416516860195 GT
1163	,2025-12-21 17:00:15,Купить,981695137673	,40.000000000000 RAVE,336.000000000000 RAVE,Доступно: 40.000000000000 RAVE
1164	,2025-12-21 17:00:15,Продажа,981695137673	,-18.88000000 USDT,37.84381815 USDT,Доступно: 28.40381815 USDT
1165	,2025-12-21 16:52:09,Торговые комиссии,981687351277	,-0.002487416829 GT,2.058181110930 GT,Доступно: 0.418181110930 GT
1166	,2025-12-21 16:52:09,Продажа,981687351277	,-58.000000000000 RAVE,296.000000000000 RAVE,Доступно: 0.000000000000 RAVE
1167	,2025-12-21 16:52:09,Купить,981687351277	,28.24600000 USDT,56.72381815 USDT,Доступно: 56.72381815 USDT
1168	,2025-12-21 16:43:09,Торговые комиссии,981687135045	,-0.000254656807 GT,2.060668527759 GT,Доступно: 0.420668527759 GT
1169	,2025-12-21 16:43:09,Купить,981687135045	,6.000000000000 RAVE,354.000000000000 RAVE,Доступно: 58.000000000000 RAVE
1170	,2025-12-21 16:43:09,Продажа,981687135045	,-2.88894000 USDT,28.47781815 USDT,Доступно: 28.47781815 USDT
1171	,2025-12-21 16:43:08,Торговые комиссии,981687135045	,-0.002207025661 GT,2.060923184566 GT,Доступно: 0.420923184566 GT
1172	,2025-12-21 16:43:08,Купить,981687135045	,52.000000000000 RAVE,348.000000000000 RAVE,Доступно: 52.000000000000 RAVE
1173	,2025-12-21 16:43:08,Продажа,981687135045	,-25.03748000 USDT,31.36675815 USDT,Доступно: 28.47781815 USDT
1174	,2025-12-21 16:29:43,Торговые комиссии,981679630356	,-0.000084291228 GT,2.063130210228 GT,Доступно: 0.423130210228 GT
1175	,2025-12-21 16:29:43,Торговые комиссии,981679630356	,-0.006319210526 GT,2.063214501456 GT,Доступно: 0.423214501456 GT
1176	,2025-12-21 16:29:43,Купить,981679630356	,2.000000000000 RAVE,296.000000000000 RAVE,Доступно: 152.000000000000 RAVE
1177	,2025-12-21 16:29:43,Купить,981679630356	,150.000000000000 RAVE,294.000000000000 RAVE,Доступно: 150.000000000000 RAVE
1178	,2025-12-21 16:29:43,Продажа,981679630356	,-0.96092000 USDT,56.40423815 USDT,Доступно: 56.04287815 USDT
1179	,2025-12-21 16:29:43,Продажа,981679630356	,-72.03900000 USDT,57.36515815 USDT,Доступно: 56.04287815 USDT
1180	,2025-12-21 16:28:27,Торговые комиссии,981679096465	,-0.003759240292 GT,2.069533711982 GT,Доступно: 0.429533711982 GT
1181	,2025-12-21 16:28:27,Купить,981679096465	,87.000000000000 RAVE,144.000000000000 RAVE,Доступно: 87.000000000000 RAVE
1182	,2025-12-21 16:28:27,Продажа,981679096465	,-42.81357000 USDT,129.40415815 USDT,Доступно: 129.39110815 USDT
1183	,2025-12-21 16:25:37,Торговые комиссии,981677945083	,-0.001048938146 GT,2.073292952275 GT,Доступно: 0.433292952275 GT
1184	,2025-12-21 16:25:37,Торговые комиссии,981677945083	,-0.000830409365 GT,2.074341890421 GT,Доступно: 0.434341890421 GT
1185	,2025-12-21 16:25:37,Продажа,981677945083	,-24.000000000000 RAVE,57.000000000000 RAVE,Доступно: 57.000000000000 RAVE
1186	,2025-12-21 16:25:37,Продажа,981677945083	,-19.000000000000 RAVE,81.000000000000 RAVE,Доступно: 57.000000000000 RAVE
1187	,2025-12-21 16:25:37,Купить,981677945083	,11.94624000 USDT,172.21772815 USDT,Доступно: 172.21772815 USDT
1188	,2025-12-21 16:25:37,Купить,981677945083	,9.45744000 USDT,160.27148815 USDT,Доступно: 160.27148815 USDT
1189	,2025-12-21 16:25:28,Торговые комиссии,981677908042	,-0.002490777658 GT,2.075172299787 GT,Доступно: 0.435172299787 GT
1190	,2025-12-21 16:25:28,Купить,981677908042	,57.000000000000 RAVE,100.000000000000 RAVE,Доступно: 100.000000000000 RAVE
1191	,2025-12-21 16:25:28,Продажа,981677908042	,-28.36719000 USDT,150.81404815 USDT,Доступно: 150.81404815 USDT
1192	,2025-12-21 16:25:27,Торговые комиссии,981677908042	,-0.001878592390 GT,2.077663077445 GT,Доступно: 0.437663077445 GT
1193	,2025-12-21 16:25:27,Купить,981677908042	,43.000000000000 RAVE,43.000000000000 RAVE,Доступно: 43.000000000000 RAVE
1194	,2025-12-21 16:25:27,Продажа,981677908042	,-21.39508000 USDT,179.18123815 USDT,Доступно: 150.80931815 USDT
1195	,2025-12-21 16:25:19,Торговые комиссии,981677367887	,-0.004362146341 GT,2.079541669836 GT,Доступно: 0.439541669836 GT
1196	,2025-12-21 16:25:19,Продажа,981677367887	,-100.000000000000 RAVE,0.000000000000 RAVE,Доступно: 0.000000000000 RAVE
1197	,2025-12-21 16:25:19,Купить,981677367887	,49.68000000 USDT,200.57631815 USDT,Доступно: 200.57631815 USDT
1198	,2025-12-21 16:23:21,Торговые комиссии,981676912977	,-0.000828607609 GT,2.083903816177 GT,Доступно: 0.443903816177 GT
1199	,2025-12-21 16:23:21,Торговые комиссии,981676912977	,-0.003532485073 GT,2.084732423787 GT,Доступно: 0.444732423787 GT
1200	,2025-12-21 16:23:21,Купить,981676912977	,19.000000000000 RAVE,100.000000000000 RAVE,Доступно: 100.000000000000 RAVE
1201	,2025-12-21 16:23:21,Купить,981676912977	,81.000000000000 RAVE,81.000000000000 RAVE,Доступно: 81.000000000000 RAVE
1202	,2025-12-21 16:23:21,Продажа,981676912977	,-9.43692000 USDT,150.89631815 USDT,Доступно: 150.89631815 USDT
1203	,2025-12-21 16:23:21,Продажа,981676912977	,-40.23108000 USDT,160.33323815 USDT,Доступно: 150.89631815 USDT
1204	,2025-12-21 16:22:36,Торговые комиссии,981676706511	,-0.004379882926 GT,2.088264908860 GT,Доступно: 0.448264908860 GT
1205	,2025-12-21 16:22:36,Продажа,981676706511	,-100.000000000000 RAVE,0.000000000000 RAVE,Доступно: 0.000000000000 RAVE
1206	,2025-12-21 16:22:36,Купить,981676706511	,49.88200000 USDT,200.56431815 USDT,Доступно: 200.56431815 USDT
1207	,2025-12-21 16:22:26,Торговые комиссии,981676629042	,-0.002666235087 GT,2.092644791787 GT,Доступно: 0.452644791787 GT
1208	,2025-12-21 16:22:26,Торговые комиссии,981676629042	,-0.000568214035 GT,2.095311026874 GT,Доступно: 0.455311026874 GT
1209	,2025-12-21 16:22:26,Торговые комиссии,981676629042	,-0.000568214035 GT,2.095879240910 GT,Доступно: 0.455879240910 GT
1210	,2025-12-21 16:22:26,Торговые комиссии,981676629042	,-0.000568214035 GT,2.096447454945 GT,Доступно: 0.456447454945 GT
1211	,2025-12-21 16:22:26,Купить,981676629042	,61.000000000000 RAVE,100.000000000000 RAVE,Доступно: 100.000000000000 RAVE
1212	,2025-12-21 16:22:26,Купить,981676629042	,13.000000000000 RAVE,39.000000000000 RAVE,Доступно: 39.000000000000 RAVE
1213	,2025-12-21 16:22:26,Купить,981676629042	,13.000000000000 RAVE,26.000000000000 RAVE,Доступно: 26.000000000000 RAVE
1214	,2025-12-21 16:22:26,Купить,981676629042	,13.000000000000 RAVE,13.000000000000 RAVE,Доступно: 13.000000000000 RAVE
1215	,2025-12-21 16:22:26,Продажа,981676629042	,-30.39508000 USDT,150.68231815 USDT,Доступно: 150.68231815 USDT
1216	,2025-12-21 16:22:26,Продажа,981676629042	,-6.47764000 USDT,181.07739815 USDT,Доступно: 150.68231815 USDT
1217	,2025-12-21 16:22:26,Продажа,981676629042	,-6.47764000 USDT,187.55503815 USDT,Доступно: 150.68231815 USDT
1218	,2025-12-21 16:22:26,Продажа,981676629042	,-6.47764000 USDT,194.03267815 USDT,Доступно: 150.68231815 USDT
1219	,2025-12-21 15:45:40,Торговые комиссии,981659772782	,-0.002277289191 GT,2.097015668980 GT,Доступно: 0.457015668980 GT
1220	,2025-12-21 15:45:40,Продажа,981659772782	,-55.000000000000 RAVE,0.000000000000 RAVE,Доступно: 0.000000000000 RAVE
1221	,2025-12-21 15:45:40,Купить,981659772782	,25.98640000 USDT,200.51031815 USDT,Доступно: 200.51031815 USDT
1222	,2025-12-21 15:45:39,Торговые комиссии,981659772782	,-0.000538268354 GT,2.099292958172 GT,Доступно: 0.459292958172 GT
1223	,2025-12-21 15:45:39,Продажа,981659772782	,-13.000000000000 RAVE,55.000000000000 RAVE,Доступно: 0.000000000000 RAVE
1224	,2025-12-21 15:45:39,Купить,981659772782	,6.14224000 USDT,174.52391815 USDT,Доступно: 174.52391815 USDT
1225	,2025-12-21 15:41:48,Торговые комиссии,981658582490	,-0.002777813229 GT,2.099831226526 GT,Доступно: 0.459831226526 GT
1226	,2025-12-21 15:41:48,Купить,981658582490	,68.000000000000 RAVE,68.000000000000 RAVE,Доступно: 68.000000000000 RAVE
1227	,2025-12-21 15:41:48,Продажа,981658582490	,-31.72880000 USDT,168.38167815 USDT,Доступно: 168.38167815 USDT
1228	,2025-12-21 14:46:06,Торговые комиссии,981634456485	,-0.002622256809 GT,2.102609039756 GT,Доступно: 0.462609039756 GT
1229	,2025-12-21 14:46:06,Продажа,981634456485	,-64.000000000000 RAVE,0.000000000000 RAVE,Доступно: 0.000000000000 RAVE
1230	,2025-12-21 14:46:06,Купить,981634456485	,29.95200000 USDT,200.11047815 USDT,Доступно: 200.11047815 USDT
1231	,2025-12-21 14:32:56,Торговые комиссии,981639502988	,-0.003714116326 GT,2.105231296565 GT,Доступно: 0.465231296565 GT
1232	,2025-12-21 14:32:56,Продажа,981639502988	,-93.000000000000 RAVE,64.000000000000 RAVE,Доступно: 0.000000000000 RAVE
1233	,2025-12-21 14:32:56,Купить,981639502988	,42.46473000 USDT,170.15847815 USDT,Доступно: 170.15847815 USDT
1234	,2025-12-21 14:19:08,Торговые комиссии,981635677691	,-0.003693058949 GT,2.108945412891 GT,Доступно: 0.468945412891 GT
1235	,2025-12-21 14:19:08,Купить,981635677691	,93.000000000000 RAVE,157.000000000000 RAVE,Доступно: 93.000000000000 RAVE
1236	,2025-12-21 14:19:08,Продажа,981635677691	,-42.18294000 USDT,127.69374815 USDT,Доступно: 127.69374815 USDT
1237	,2025-12-21 14:05:19,Торговые комиссии,981630836722	,-0.000450690758 GT,2.112638471841 GT,Доступно: 0.472638471841 GT
1238	,2025-12-21 14:05:19,Торговые комиссии,981630836722	,-0.001065269066 GT,2.113089162600 GT,Доступно: 0.473089162600 GT
1239	,2025-12-21 14:05:19,Торговые комиссии,981630836722	,-0.001106240953 GT,2.114154431666 GT,Доступно: 0.474154431666 GT
1240	,2025-12-21 14:05:19,Купить,981630836722	,11.000000000000 RAVE,64.000000000000 RAVE,Доступно: 64.000000000000 RAVE
1241	,2025-12-21 14:05:19,Купить,981630836722	,26.000000000000 RAVE,53.000000000000 RAVE,Доступно: 53.000000000000 RAVE
1242	,2025-12-21 14:05:19,Купить,981630836722	,27.000000000000 RAVE,27.000000000000 RAVE,Доступно: 27.000000000000 RAVE
1243	,2025-12-21 14:05:19,Продажа,981630836722	,-5.14789000 USDT,169.87668815 USDT,Доступно: 169.87668815 USDT
1244	,2025-12-21 14:05:19,Продажа,981630836722	,-12.16774000 USDT,175.02457815 USDT,Доступно: 169.87668815 USDT
1245	,2025-12-21 14:05:19,Продажа,981630836722	,-12.63573000 USDT,187.19231815 USDT,Доступно: 169.87668815 USDT
1246	,2025-12-21 13:57:02,Торговые комиссии,981629212346	,-0.002421206614 GT,2.115260672619 GT,Доступно: 0.475260672619 GT
1247	,2025-12-21 13:57:02,Продажа,981629212346	,-58.000000000000 RAVE,0.000000000000 RAVE,Доступно: 0.000000000000 RAVE
1248	,2025-12-21 13:57:02,Купить,981629212346	,27.65556000 USDT,199.82804815 USDT,Доступно: 199.82804815 USDT
1249	,2025-12-21 13:46:46,Торговые комиссии,981589806343	,-0.002376900874 GT,2.117681879234 GT,Доступно: 0.477681879234 GT
1250	,2025-12-21 13:46:46,Купить,981589806343	,58.000000000000 RAVE,58.000000000000 RAVE,Доступно: 58.000000000000 RAVE
1251	,2025-12-21 13:46:46,Продажа,981589806343	,-27.17590000 USDT,172.17248815 USDT,Доступно: 172.17248815 USDT
1252	,2025-12-21 13:41:03,Торговые комиссии,980657661089	,-0.001428990291 GT,2.120058780108 GT,Доступно: 0.480058780108 GT
1253	,2025-12-21 13:41:03,Торговые комиссии,980657661089	,-0.002269572815 GT,2.121487770400 GT,Доступно: 0.481487770400 GT
1254	,2025-12-21 13:41:03,Продажа,980657661089	,-34.000000000000 RAVE,0.000000000000 RAVE,Доступно: 0.000000000000 RAVE
1255	,2025-12-21 13:41:03,Продажа,980657661089	,-54.000000000000 RAVE,34.000000000000 RAVE,Доступно: 0.000000000000 RAVE
1256	,2025-12-21 13:41:03,Купить,980657661089	,16.35400000 USDT,199.34838815 USDT,Доступно: 174.78306815 USDT
1257	,2025-12-21 13:41:03,Купить,980657661089	,25.97400000 USDT,182.99438815 USDT,Доступно: 158.42906815 USDT
1258	,2025-12-21 13:24:16,Торговые комиссии,980658524120	,-0.000873872938 GT,2.123757343215 GT,Доступно: 0.483757343215 GT
1259	,2025-12-21 13:24:16,Продажа,980658524120	,-21.000000000000 RAVE,88.000000000000 RAVE,Доступно: 0.000000000000 RAVE
1260	,2025-12-21 13:24:16,Купить,980658524120	,10.01070000 USDT,157.02038815 USDT,Доступно: 132.45506815 USDT
1261	,2025-12-21 13:02:09,Торговые комиссии,981585540538	,-0.000158595538 GT,2.124631216154 GT,Доступно: 0.484631216154 GT
1262	,2025-12-21 13:02:09,Торговые комиссии,981585540538	,-0.001268764306 GT,2.124789811693 GT,Доступно: 0.484789811693 GT
1263	,2025-12-21 13:02:09,Продажа,981585540538	,-4.000000000000 RAVE,109.000000000000 RAVE,Доступно: 0.000000000000 RAVE
1264	,2025-12-21 13:02:09,Продажа,981585540538	,-32.000000000000 RAVE,113.000000000000 RAVE,Доступно: 0.000000000000 RAVE
1265	,2025-12-21 13:02:09,Купить,981585540538	,1.81680000 USDT,147.00968815 USDT,Доступно: 122.44436815 USDT
1266	,2025-12-21 13:02:09,Купить,981585540538	,14.53440000 USDT,145.19288815 USDT,Доступно: 120.62756815 USDT
1267	,2025-12-21 12:48:23,Торговые комиссии,981586156335	,-0.000698344131 GT,2.126058575999 GT,Доступно: 0.486058575999 GT
1268	,2025-12-21 12:48:23,Торговые комиссии,981586156335	,-0.000387968962 GT,2.126756920131 GT,Доступно: 0.486756920131 GT
1269	,2025-12-21 12:48:23,Продажа,981586156335	,-18.000000000000 RAVE,145.000000000000 RAVE,Доступно: 0.000000000000 RAVE
1270	,2025-12-21 12:48:23,Продажа,981586156335	,-10.000000000000 RAVE,163.000000000000 RAVE,Доступно: 0.000000000000 RAVE
1271	,2025-12-21 12:48:23,Купить,981586156335	,7.99992000 USDT,130.65848815 USDT,Доступно: 106.09316815 USDT
1272	,2025-12-21 12:48:23,Купить,981586156335	,4.44440000 USDT,122.65856815 USDT,Доступно: 98.09324815 USDT
1273	,2025-12-21 12:46:31,Торговые комиссии,981606928727	,-0.001392004660 GT,2.127144889093 GT,Доступно: 0.487144889093 GT
1274	,2025-12-21 12:46:31,Продажа,981606928727	,-36.000000000000 RAVE,173.000000000000 RAVE,Доступно: 0.000000000000 RAVE
1275	,2025-12-21 12:46:31,Купить,981606928727	,15.93072000 USDT,118.21416815 USDT,Доступно: 93.64884815 USDT
1276	,2025-12-21 12:42:32,Торговые комиссии,981606578391	,-0.001380327906 GT,2.128536893753 GT,Доступно: 0.488536893753 GT
1277	,2025-12-21 12:42:32,Купить,981606578391	,36.000000000000 RAVE,209.000000000000 RAVE,Доступно: 36.000000000000 RAVE
1278	,2025-12-21 12:42:32,Продажа,981606578391	,-15.82776000 USDT,102.28344815 USDT,Доступно: 77.71812815 USDT
1279	,2025-12-21 11:38:18,Торговые комиссии,981585909009	,-0.001078951456 GT,2.129917221660 GT,Доступно: 0.489917221660 GT
1280	,2025-12-21 11:38:18,Купить,981585909009	,28.000000000000 RAVE,173.000000000000 RAVE,Доступно: 28.000000000000 RAVE
1281	,2025-12-21 11:38:18,Продажа,981585909009	,-12.34800000 USDT,118.11120815 USDT,Доступно: 118.11120815 USDT
1282	,2025-12-21 11:36:15,Торговые комиссии,981584970082	,-0.000313647378 GT,2.130996173117 GT,Доступно: 0.490996173117 GT
1283	,2025-12-21 11:36:15,Торговые комиссии,981584970082	,-0.000705706601 GT,2.131309820495 GT,Доступно: 0.491309820495 GT
1284	,2025-12-21 11:36:15,Торговые комиссии,981584970082	,-0.000392059223 GT,2.132015527097 GT,Доступно: 0.492015527097 GT
1285	,2025-12-21 11:36:15,Купить,981584970082	,8.000000000000 RAVE,145.000000000000 RAVE,Доступно: 36.000000000000 RAVE
1286	,2025-12-21 11:36:15,Купить,981584970082	,18.000000000000 RAVE,137.000000000000 RAVE,Доступно: 28.000000000000 RAVE
1287	,2025-12-21 11:36:15,Купить,981584970082	,10.000000000000 RAVE,119.000000000000 RAVE,Доступно: 10.000000000000 RAVE
1288	,2025-12-21 11:36:15,Продажа,981584970082	,-3.58952000 USDT,130.45920815 USDT,Доступно: 130.45920815 USDT
1289	,2025-12-21 11:36:15,Продажа,981584970082	,-8.07642000 USDT,134.04872815 USDT,Доступно: 130.45920815 USDT
1290	,2025-12-21 11:36:15,Продажа,981584970082	,-4.48690000 USDT,142.12514815 USDT,Доступно: 130.45920815 USDT
1291	,2025-12-21 11:07:21,Торговые комиссии,980671186756	,-0.000686634146 GT,2.132407586320 GT,Доступно: 0.492407586320 GT
1292	,2025-12-21 11:07:21,Торговые комиссии,980662281593	,-0.001252097560 GT,2.133094220467 GT,Доступно: 0.493094220467 GT
1293	,2025-12-21 11:07:21,Торговые комиссии,980662281593	,-0.000686634146 GT,2.134346318028 GT,Доступно: 0.494346318028 GT
1294	,2025-12-21 11:07:21,Продажа,980671186756	,-17.000000000000 RAVE,109.000000000000 RAVE,Доступно: 0.000000000000 RAVE
1295	,2025-12-21 11:07:21,Продажа,980662281593	,-31.000000000000 RAVE,126.000000000000 RAVE,Доступно: 0.000000000000 RAVE
1296	,2025-12-21 11:07:21,Продажа,980662281593	,-17.000000000000 RAVE,157.000000000000 RAVE,Доступно: 0.000000000000 RAVE
1297	,2025-12-21 11:07:21,Купить,980671186756	,7.82000000 USDT,146.61204815 USDT,Доступно: 146.61204815 USDT
1298	,2025-12-21 11:07:21,Купить,980662281593	,14.26000000 USDT,138.79204815 USDT,Доступно: 138.79204815 USDT
1299	,2025-12-21 11:07:21,Купить,980662281593	,7.82000000 USDT,124.53204815 USDT,Доступно: 124.53204815 USDT
1300	,2025-12-21 10:34:10,Торговые комиссии,981120899574	,-0.002163526315 GT,2.135032952174 GT,Доступно: 0.495032952174 GT
1301	,2025-12-21 10:34:10,Продажа,981120899574	,-55.000000000000 RAVE,174.000000000000 RAVE,Доступно: 0.000000000000 RAVE
1302	,2025-12-21 10:34:10,Купить,981120899574	,24.66420000 USDT,116.71204815 USDT,Доступно: 116.71204815 USDT
1303	,2025-12-20 22:28:09,Торговые комиссии,981387593316	,-0.002006468538 GT,2.137196478490 GT,Доступно: 0.497196478490 GT
1304	,2025-12-20 22:28:09,Продажа,981387593316	,-60.000000000000 RAVE,229.000000000000 RAVE,Доступно: 0.000000000000 RAVE
1305	,2025-12-20 22:28:09,Купить,981387593316	,23.02980000 USDT,92.04784815 USDT,Доступно: 92.04784815 USDT
1306	,2025-12-20 22:26:21,Торговые комиссии,981387529250	,-0.001990009671 GT,2.139202947028 GT,Доступно: 0.499202947028 GT
1307	,2025-12-20 22:26:21,Купить,981387529250	,60.000000000000 RAVE,289.000000000000 RAVE,Доступно: 60.000000000000 RAVE
1308	,2025-12-20 22:26:21,Продажа,981387529250	,-22.86300000 USDT,69.01804815 USDT,Доступно: 69.01504815 USDT
1309	,2025-12-20 20:55:18,Торговые комиссии,981274355405	,-0.000235469387 GT,2.141192956699 GT,Доступно: 0.501192956699 GT
1310	,2025-12-20 20:55:18,Торговые комиссии,981274355405	,-0.000840962099 GT,2.141428426087 GT,Доступно: 0.501428426087 GT
1311	,2025-12-20 20:55:18,Торговые комиссии,981274355405	,-0.000908239067 GT,2.142269388186 GT,Доступно: 0.502269388186 GT
1312	,2025-12-20 20:55:18,Продажа,981274355405	,-7.000000000000 RAVE,229.000000000000 RAVE,Доступно: 0.000000000000 RAVE
1313	,2025-12-20 20:55:18,Продажа,981274355405	,-25.000000000000 RAVE,236.000000000000 RAVE,Доступно: 0.000000000000 RAVE
1314	,2025-12-20 20:55:18,Продажа,981274355405	,-27.000000000000 RAVE,261.000000000000 RAVE,Доступно: 0.000000000000 RAVE
1315	,2025-12-20 20:55:18,Купить,981274355405	,2.69220000 USDT,91.88104815 USDT,Доступно: 91.88104815 USDT
1316	,2025-12-20 20:55:18,Купить,981274355405	,9.61500000 USDT,89.18884815 USDT,Доступно: 89.18884815 USDT
1317	,2025-12-20 20:55:18,Купить,981274355405	,10.38420000 USDT,79.57384815 USDT,Доступно: 79.57384815 USDT
1318	,2025-12-20 20:53:49,Торговые комиссии,981336152893	,-0.001106664139 GT,2.143177627253 GT,Доступно: 0.503177627253 GT
1319	,2025-12-20 20:53:49,Продажа,981336152893	,-33.000000000000 RAVE,288.000000000000 RAVE,Доступно: 0.000000000000 RAVE
1320	,2025-12-20 20:53:49,Купить,981336152893	,12.65286000 USDT,69.18964815 USDT,Доступно: 69.18964815 USDT
1321	,2025-12-20 20:53:47,Торговые комиссии,981328271230	,-0.000134099125 GT,2.144284291393 GT,Доступно: 0.504284291393 GT
1322	,2025-12-20 20:53:47,Торговые комиссии,981328271230	,-0.000704020408 GT,2.144418390519 GT,Доступно: 0.504418390519 GT
1323	,2025-12-20 20:53:47,Торговые комиссии,981328271230	,-0.000704020408 GT,2.145122410927 GT,Доступно: 0.505122410927 GT
1324	,2025-12-20 20:53:47,Продажа,981328271230	,-4.000000000000 RAVE,321.000000000000 RAVE,Доступно: 0.000000000000 RAVE
1325	,2025-12-20 20:53:47,Продажа,981328271230	,-21.000000000000 RAVE,325.000000000000 RAVE,Доступно: 0.000000000000 RAVE
1326	,2025-12-20 20:53:47,Продажа,981328271230	,-21.000000000000 RAVE,346.000000000000 RAVE,Доступно: 0.000000000000 RAVE
1327	,2025-12-20 20:53:47,Купить,981328271230	,1.53320000 USDT,56.53678815 USDT,Доступно: 56.53678815 USDT
1328	,2025-12-20 20:53:47,Купить,981328271230	,8.04930000 USDT,55.00358815 USDT,Доступно: 55.00358815 USDT
1329	,2025-12-20 20:53:47,Купить,981328271230	,8.04930000 USDT,46.95428815 USDT,Доступно: 46.95428815 USDT
1330	,2025-12-20 20:47:35,Торговые комиссии,981336821585	,-0.000829348249 GT,2.145826431335 GT,Доступно: 0.505826431335 GT
1331	,2025-12-20 20:47:35,Торговые комиссии,981343568641	,-0.000398087159 GT,2.146655779584 GT,Доступно: 0.506655779584 GT
1332	,2025-12-20 20:47:35,Торговые комиссии,981343568641	,-0.000597130739 GT,2.147053866743 GT,Доступно: 0.507053866743 GT
1333	,2025-12-20 20:47:35,Продажа,981336821585	,-25.000000000000 RAVE,367.000000000000 RAVE,Доступно: 0.000000000000 RAVE
1334	,2025-12-20 20:47:35,Продажа,981343568641	,-12.000000000000 RAVE,392.000000000000 RAVE,Доступно: 0.000000000000 RAVE
1335	,2025-12-20 20:47:35,Продажа,981343568641	,-18.000000000000 RAVE,404.000000000000 RAVE,Доступно: 0.000000000000 RAVE
1336	,2025-12-20 20:47:35,Купить,981336821585	,9.47300000 USDT,38.90498815 USDT,Доступно: 38.90498815 USDT
1337	,2025-12-20 20:47:35,Купить,981343568641	,4.54704000 USDT,29.43198815 USDT,Доступно: 29.43198815 USDT
1338	,2025-12-20 20:47:35,Купить,981343568641	,6.82056000 USDT,24.88494815 USDT,Доступно: 24.88494815 USDT
1339	,2025-12-20 20:42:20,Торговые комиссии,981361243224	,-0.000788946303 GT,2.147650997483 GT,Доступно: 0.507650997483 GT
1340	,2025-12-20 20:42:20,Продажа,981361243224	,-24.000000000000 RAVE,422.000000000000 RAVE,Доступно: 0.000000000000 RAVE
1341	,2025-12-20 20:42:20,Купить,981361243224	,9.01152000 USDT,18.06438815 USDT,Доступно: 18.06438815 USDT
1342	,2025-12-20 20:42:12,Торговые комиссии,981361929078	,-0.000098581517 GT,2.148439943786 GT,Доступно: 0.508439943786 GT
1343	,2025-12-20 20:42:12,Торговые комиссии,981361929078	,-0.000525768093 GT,2.148538525304 GT,Доступно: 0.508538525304 GT
1344	,2025-12-20 20:42:12,Продажа,981361929078	,-3.000000000000 RAVE,446.000000000000 RAVE,Доступно: 0.000000000000 RAVE
1345	,2025-12-20 20:42:12,Продажа,981361929078	,-16.000000000000 RAVE,449.000000000000 RAVE,Доступно: 0.000000000000 RAVE
1346	,2025-12-20 20:42:12,Купить,981361929078	,1.12602000 USDT,9.05286815 USDT,Доступно: 9.05286815 USDT
1347	,2025-12-20 20:42:12,Купить,981361929078	,6.00544000 USDT,7.92684815 USDT,Доступно: 7.92684815 USDT
1348	,2025-12-20 20:38:57,Торговые комиссии,981361718789	,-0.000617343203 GT,2.149064293397 GT,Доступно: 0.509064293397 GT
1349	,2025-12-20 20:38:57,Купить,981361718789	,19.000000000000 RAVE,465.000000000000 RAVE,Доступно: 19.000000000000 RAVE
1350	,2025-12-20 20:38:57,Продажа,981361718789	,-7.06515000 USDT,1.92140815 USDT,Доступно: 1.92140815 USDT
1351	,2025-12-20 20:36:44,Торговые комиссии,981360968243	,-0.000196427626 GT,2.149681636601 GT,Доступно: 0.509681636601 GT
1352	,2025-12-20 20:36:44,Купить,981360968243	,6.000000000000 RAVE,446.000000000000 RAVE,Доступно: 24.000000000000 RAVE
1353	,2025-12-20 20:36:44,Продажа,981360968243	,-2.24364000 USDT,8.98655815 USDT,Доступно: 8.98655815 USDT
1354	,2025-12-20 20:36:35,Торговые комиссии,981360968243	,-0.000589282879 GT,2.149878064227 GT,Доступно: 0.509878064227 GT
1355	,2025-12-20 20:36:35,Купить,981360968243	,18.000000000000 RAVE,440.000000000000 RAVE,Доступно: 18.000000000000 RAVE
1356	,2025-12-20 20:36:35,Продажа,981360968243	,-6.73092000 USDT,11.23019815 USDT,Доступно: 8.98655815 USDT
1357	,2025-12-20 19:28:26,Торговые комиссии,981342605862	,-0.000967086156 GT,2.150467347107 GT,Доступно: 0.510467347107 GT
1358	,2025-12-20 19:28:26,Купить,981342605862	,30.000000000000 RAVE,422.000000000000 RAVE,Доступно: 30.000000000000 RAVE
1359	,2025-12-20 19:28:26,Продажа,981342605862	,-11.10000000 USDT,17.96111815 USDT,Доступно: 3.46711815 USDT
1360	,2025-12-20 19:03:47,Торговые комиссии,981336683414	,-0.000819365924 GT,2.151434433264 GT,Доступно: 0.511434433264 GT
1361	,2025-12-20 19:03:47,Купить,981336683414	,25.000000000000 RAVE,392.000000000000 RAVE,Доступно: 25.000000000000 RAVE
1362	,2025-12-20 19:03:47,Продажа,981336683414	,-9.40450000 USDT,29.06111815 USDT,Доступно: 29.05511815 USDT
1363	,2025-12-20 19:01:41,Торговые комиссии,981334925441	,-0.000363108615 GT,2.152253799188 GT,Доступно: 0.512253799188 GT
1364	,2025-12-20 19:01:41,Торговые комиссии,981334925441	,-0.000726217231 GT,2.152616907804 GT,Доступно: 0.512616907804 GT
1365	,2025-12-20 19:01:41,Купить,981334925441	,11.000000000000 RAVE,367.000000000000 RAVE,Доступно: 33.000000000000 RAVE
1366	,2025-12-20 19:01:41,Купить,981334925441	,22.000000000000 RAVE,356.000000000000 RAVE,Доступно: 22.000000000000 RAVE
1367	,2025-12-20 19:01:41,Продажа,981334925441	,-4.16768000 USDT,38.46561815 USDT,Доступно: 38.46561815 USDT
1368	,2025-12-20 19:01:41,Продажа,981334925441	,-8.33536000 USDT,42.63329815 USDT,Доступно: 38.46561815 USDT
1369	,2025-12-20 18:30:34,Торговые комиссии,981328157556	,-0.001225001162 GT,2.153343125035 GT,Доступно: 0.513343125035 GT
1370	,2025-12-20 18:30:34,Торговые комиссии,981328157556	,-0.000297973255 GT,2.154568126198 GT,Доступно: 0.514568126198 GT
1371	,2025-12-20 18:30:34,Купить,981328157556	,37.000000000000 RAVE,334.000000000000 RAVE,Доступно: 46.000000000000 RAVE
1372	,2025-12-20 18:30:34,Купить,981328157556	,9.000000000000 RAVE,297.000000000000 RAVE,Доступно: 9.000000000000 RAVE
1373	,2025-12-20 18:30:34,Продажа,981328157556	,-14.04668000 USDT,50.96865815 USDT,Доступно: 50.96865815 USDT
1374	,2025-12-20 18:30:34,Продажа,981328157556	,-3.41676000 USDT,65.01533815 USDT,Доступно: 50.96865815 USDT
1375	,2025-12-20 17:43:06,Торговые комиссии,981274812690	,-0.000875818834 GT,2.154866099454 GT,Доступно: 0.514866099454 GT
1376	,2025-12-20 17:43:06,Продажа,981274812690	,-26.000000000000 RAVE,288.000000000000 RAVE,Доступно: 0.000000000000 RAVE
1377	,2025-12-20 17:43:06,Купить,981274812690	,10.02326000 USDT,68.43209815 USDT,Доступно: 68.43209815 USDT
1378	,2025-12-20 17:42:20,Торговые комиссии,981275730859	,-0.001374686213 GT,2.155741918289 GT,Доступно: 0.515741918289 GT
1379	,2025-12-20 17:42:20,Продажа,981275730859	,-41.000000000000 RAVE,314.000000000000 RAVE,Доступно: 0.000000000000 RAVE
1380	,2025-12-20 17:42:20,Купить,981275730859	,15.73252000 USDT,58.40883815 USDT,Доступно: 58.40883815 USDT
1381	,2025-12-20 17:38:04,Торговые комиссии,981279464555	,-0.001065683965 GT,2.157116604502 GT,Доступно: 0.517116604502 GT
1382	,2025-12-20 17:38:04,Продажа,981279464555	,-32.000000000000 RAVE,355.000000000000 RAVE,Доступно: 0.000000000000 RAVE
1383	,2025-12-20 17:38:04,Купить,981279464555	,12.18432000 USDT,42.67631815 USDT,Доступно: 42.67631815 USDT
1384	,2025-12-20 17:37:45,Торговые комиссии,981281300769	,-0.000697959183 GT,2.158182288467 GT,Доступно: 0.518182288467 GT
1385	,2025-12-20 17:37:45,Продажа,981281300769	,-21.000000000000 RAVE,387.000000000000 RAVE,Доступно: 0.000000000000 RAVE
1386	,2025-12-20 17:37:45,Купить,981281300769	,7.98000000 USDT,30.49199815 USDT,Доступно: 30.49199815 USDT
1387	,2025-12-20 15:45:53,Торговые комиссии,981281255524	,-0.000390055813 GT,2.158880247651 GT,Доступно: 0.518880247651 GT
1388	,2025-12-20 15:45:53,Купить,981281255524	,12.000000000000 RAVE,408.000000000000 RAVE,Доступно: 21.000000000000 RAVE
1389	,2025-12-20 15:45:53,Продажа,981281255524	,-4.47264000 USDT,22.51199815 USDT,Доступно: 22.51199815 USDT
1390	,2025-12-20 15:41:01,Торговые комиссии,981278141336	,-0.000296475728 GT,2.159270303465 GT,Доступно: 0.519270303465 GT
1391	,2025-12-20 15:41:01,Купить,981278141336	,9.000000000000 RAVE,396.000000000000 RAVE,Доступно: 9.000000000000 RAVE
1392	,2025-12-20 15:41:01,Продажа,981278141336	,-3.39300000 USDT,26.98463815 USDT,Доступно: 26.98463815 USDT
1393	,2025-12-20 15:27:15,Торговые комиссии,981276447652	,-0.000099175290 GT,2.159566779193 GT,Доступно: 0.519566779193 GT
1394	,2025-12-20 15:27:15,Купить,981276447652	,3.000000000000 RAVE,387.000000000000 RAVE,Доступно: 32.000000000000 RAVE
1395	,2025-12-20 15:27:15,Продажа,981276447652	,-1.13721000 USDT,30.37763815 USDT,Доступно: 30.37763815 USDT
1396	,2025-12-20 15:27:14,Торговые комиссии,981276447652	,-0.000165292151 GT,2.159665954484 GT,Доступно: 0.519665954484 GT
1397	,2025-12-20 15:27:14,Купить,981276447652	,5.000000000000 RAVE,384.000000000000 RAVE,Доступно: 29.000000000000 RAVE
1398	,2025-12-20 15:27:14,Продажа,981276447652	,-1.89535000 USDT,31.51484815 USDT,Доступно: 30.37763815 USDT
1399	,2025-12-20 15:25:50,Торговые комиссии,981276413635	,-0.000795603484 GT,2.159831246635 GT,Доступно: 0.519831246635 GT
1400	,2025-12-20 15:25:50,Купить,981276413635	,24.000000000000 RAVE,379.000000000000 RAVE,Доступно: 24.000000000000 RAVE
1401	,2025-12-20 15:25:50,Продажа,981276413635	,-9.13176000 USDT,33.41019815 USDT,Доступно: 33.40755815 USDT
1402	,2025-12-20 15:20:27,Торговые комиссии,981275074357	,-0.001363553043 GT,2.160626850120 GT,Доступно: 0.520626850120 GT
1403	,2025-12-20 15:20:27,Купить,981275074357	,41.000000000000 RAVE,355.000000000000 RAVE,Доступно: 41.000000000000 RAVE
1404	,2025-12-20 15:20:27,Продажа,981275074357	,-15.68086000 USDT,42.54195815 USDT,Доступно: 42.53662815 USDT
1405	,2025-12-20 15:19:16,Торговые комиссии,981274764667	,-0.000369389565 GT,2.161990403164 GT,Доступно: 0.521990403164 GT
1406	,2025-12-20 15:19:16,Торговые комиссии,981274764667	,-0.000503713043 GT,2.162359792729 GT,Доступно: 0.522359792729 GT
1407	,2025-12-20 15:19:16,Купить,981274764667	,11.000000000000 RAVE,314.000000000000 RAVE,Доступно: 26.000000000000 RAVE
1408	,2025-12-20 15:19:16,Купить,981274764667	,15.000000000000 RAVE,303.000000000000 RAVE,Доступно: 15.000000000000 RAVE
1409	,2025-12-20 15:19:16,Продажа,981274764667	,-4.24798000 USDT,58.22281815 USDT,Доступно: 58.22281815 USDT
1410	,2025-12-20 15:19:16,Продажа,981274764667	,-5.79270000 USDT,62.47079815 USDT,Доступно: 58.22281815 USDT
1411	,2025-12-20 15:17:19,Торговые комиссии,981273015959	,-0.001979732173 GT,2.162863505772 GT,Доступно: 0.522863505772 GT
1412	,2025-12-20 15:17:19,Купить,981273015959	,59.000000000000 RAVE,288.000000000000 RAVE,Доступно: 59.000000000000 RAVE
1413	,2025-12-20 15:17:19,Продажа,981273015959	,-22.76692000 USDT,68.26349815 USDT,Доступно: 68.26349815 USDT
1414	,2025-12-20 15:12:01,Торговые комиссии,981272887949	,-0.001069297297 GT,2.164843237946 GT,Доступно: 0.524843237946 GT
1415	,2025-12-20 15:12:01,Продажа,981272887949	,-32.000000000000 RAVE,229.000000000000 RAVE,Доступно: 0.000000000000 RAVE
1416	,2025-12-20 15:12:01,Купить,981272887949	,12.30880000 USDT,91.03041815 USDT,Доступно: 91.03041815 USDT
1417	,2025-12-20 15:11:47,Торговые комиссии,981271042840	,-0.000233781081 GT,2.165912535243 GT,Доступно: 0.525912535243 GT
1418	,2025-12-20 15:11:47,Торговые комиссии,981271042840	,-0.000100191891 GT,2.166146316324 GT,Доступно: 0.526146316324 GT
1419	,2025-12-20 15:11:47,Купить,981271042840	,7.000000000000 RAVE,261.000000000000 RAVE,Доступно: 32.000000000000 RAVE
1420	,2025-12-20 15:11:47,Купить,981271042840	,3.000000000000 RAVE,254.000000000000 RAVE,Доступно: 25.000000000000 RAVE
1421	,2025-12-20 15:11:47,Продажа,981271042840	,-2.69108000 USDT,78.72161815 USDT,Доступно: 78.72161815 USDT
1422	,2025-12-20 15:11:47,Продажа,981271042840	,-1.15332000 USDT,81.41269815 USDT,Доступно: 78.72161815 USDT
1423	,2025-12-20 15:11:45,Торговые комиссии,981271042840	,-0.000734740540 GT,2.166246508216 GT,Доступно: 0.526246508216 GT
1424	,2025-12-20 15:11:45,Купить,981271042840	,22.000000000000 RAVE,251.000000000000 RAVE,Доступно: 22.000000000000 RAVE
1425	,2025-12-20 15:11:45,Продажа,981271042840	,-8.45768000 USDT,82.56601815 USDT,Доступно: 78.72161815 USDT
1426	,2025-12-20 15:07:48,Торговые комиссии,981270872243	,-0.000941156756 GT,2.166981248757 GT,Доступно: 0.526981248757 GT
1427	,2025-12-20 15:07:48,Торговые комиссии,981270872243	,-0.000100838223 GT,2.167922405514 GT,Доступно: 0.527922405514 GT
1428	,2025-12-20 15:07:48,Продажа,981270872243	,-28.000000000000 RAVE,229.000000000000 RAVE,Доступно: 0.000000000000 RAVE
1429	,2025-12-20 15:07:48,Продажа,981270872243	,-3.000000000000 RAVE,257.000000000000 RAVE,Доступно: 0.000000000000 RAVE
1430	,2025-12-20 15:07:48,Купить,981270872243	,10.83376000 USDT,91.02369815 USDT,Доступно: 78.76769815 USDT
1431	,2025-12-20 15:07:48,Купить,981270872243	,1.16076000 USDT,80.18993815 USDT,Доступно: 67.93393815 USDT
1432	,2025-12-20 15:07:47,Торговые комиссии,981270872243	,-0.000571416602 GT,2.168023243738 GT,Доступно: 0.528023243738 GT
1433	,2025-12-20 15:07:47,Торговые комиссии,981270872243	,-0.000571416602 GT,2.168594660340 GT,Доступно: 0.528594660340 GT
1434	,2025-12-20 15:07:47,Торговые комиссии,981270872243	,-0.000571416602 GT,2.169166076942 GT,Доступно: 0.529166076942 GT
1435	,2025-12-20 15:07:47,Продажа,981270872243	,-17.000000000000 RAVE,260.000000000000 RAVE,Доступно: 0.000000000000 RAVE
1436	,2025-12-20 15:07:47,Продажа,981270872243	,-17.000000000000 RAVE,277.000000000000 RAVE,Доступно: 0.000000000000 RAVE
1437	,2025-12-20 15:07:47,Продажа,981270872243	,-17.000000000000 RAVE,294.000000000000 RAVE,Доступно: 0.000000000000 RAVE
1438	,2025-12-20 15:07:47,Купить,981270872243	,6.57764000 USDT,79.02917815 USDT,Доступно: 66.77317815 USDT
1439	,2025-12-20 15:07:47,Купить,981270872243	,6.57764000 USDT,72.45153815 USDT,Доступно: 60.19553815 USDT
1440	,2025-12-20 15:07:47,Купить,981270872243	,6.57764000 USDT,65.87389815 USDT,Доступно: 53.61789815 USDT
1441	,2025-12-20 15:04:24,Торговые комиссии,981259206442	,-0.002007339130 GT,2.169737493545 GT,Доступно: 0.529737493545 GT
1442	,2025-12-20 15:04:24,Купить,981259206442	,60.000000000000 RAVE,311.000000000000 RAVE,Доступно: 82.000000000000 RAVE
1443	,2025-12-20 15:04:24,Продажа,981259206442	,-23.08440000 USDT,59.29625815 USDT,Доступно: 59.28065815 USDT
1444	,2025-12-20 15:00:46,Торговые комиссии,981268539451	,-0.000735003468 GT,2.171744832675 GT,Доступно: 0.531744832675 GT
1445	,2025-12-20 15:00:46,Купить,981268539451	,22.000000000000 RAVE,251.000000000000 RAVE,Доступно: 22.000000000000 RAVE
1446	,2025-12-20 15:00:46,Продажа,981268539451	,-8.47704000 USDT,82.38065815 USDT,Доступно: 59.44745815 USDT
1447	,2025-12-20 14:45:48,Торговые комиссии,981263557273	,-0.001458479074 GT,2.172479836143 GT,Доступно: 0.532479836143 GT
1448	,2025-12-20 14:45:48,Продажа,981263557273	,-44.000000000000 RAVE,229.000000000000 RAVE,Доступно: 0.000000000000 RAVE
1449	,2025-12-20 14:45:48,Купить,981263557273	,16.80492000 USDT,90.85769815 USDT,Доступно: 68.14169815 USDT
1450	,2025-12-20 14:45:32,Торговые комиссии,981264104226	,-0.001092742333 GT,2.173938315217 GT,Доступно: 0.533938315217 GT
1451	,2025-12-20 14:45:32,Продажа,981264104226	,-33.000000000000 RAVE,273.000000000000 RAVE,Доступно: 0.000000000000 RAVE
1452	,2025-12-20 14:45:32,Купить,981264104226	,12.59082000 USDT,74.05277815 USDT,Доступно: 51.33677815 USDT
1453	,2025-12-20 14:38:33,Торговые комиссии,981264057667	,-0.001091094782 GT,2.175031057551 GT,Доступно: 0.535031057551 GT
1454	,2025-12-20 14:38:33,Купить,981264057667	,33.000000000000 RAVE,306.000000000000 RAVE,Доступно: 33.000000000000 RAVE
1455	,2025-12-20 14:38:33,Продажа,981264057667	,-12.54759000 USDT,61.46195815 USDT,Доступно: 38.78195815 USDT
1456	,2025-12-20 14:36:23,Торговые комиссии,981263152182	,-0.001457463829 GT,2.176122152334 GT,Доступно: 0.536122152334 GT
1457	,2025-12-20 14:36:23,Купить,981263152182	,44.000000000000 RAVE,273.000000000000 RAVE,Доступно: 44.000000000000 RAVE
1458	,2025-12-20 14:36:23,Продажа,981263152182	,-16.74464000 USDT,74.00954815 USDT,Доступно: 51.32954815 USDT
1459	,2025-12-20 14:34:05,Торговые комиссии,981262067648	,-0.000332260869 GT,2.177579616164 GT,Доступно: 0.537579616164 GT
1460	,2025-12-20 14:34:05,Продажа,981262067648	,-10.000000000000 RAVE,229.000000000000 RAVE,Доступно: 0.000000000000 RAVE
1461	,2025-12-20 14:34:05,Купить,981262067648	,3.82100000 USDT,90.75418815 USDT,Доступно: 68.07418815 USDT
1462	,2025-12-20 14:34:01,Торговые комиссии,981262067648	,-0.000532131528 GT,2.177911877033 GT,Доступно: 0.537911877033 GT
1463	,2025-12-20 14:34:01,Продажа,981262067648	,-16.000000000000 RAVE,239.000000000000 RAVE,Доступно: 0.000000000000 RAVE
1464	,2025-12-20 14:34:01,Купить,981262067648	,6.11360000 USDT,86.93318815 USDT,Доступно: 64.25318815 USDT
1465	,2025-12-20 14:31:00,Торговые комиссии,981261982597	,-0.000862292263 GT,2.178444008561 GT,Доступно: 0.538444008561 GT
1466	,2025-12-20 14:31:00,Купить,981261982597	,26.000000000000 RAVE,255.000000000000 RAVE,Доступно: 26.000000000000 RAVE
1467	,2025-12-20 14:31:00,Продажа,981261982597	,-9.90678000 USDT,80.81958815 USDT,Доступно: 58.13958815 USDT
1468	,2025-12-20 14:11:15,Торговые комиссии,981253880754	,-0.002840181341 GT,2.179306300824 GT,Доступно: 0.539306300824 GT
1469	,2025-12-20 14:11:15,Продажа,981253880754	,-86.000000000000 RAVE,229.000000000000 RAVE,Доступно: 0.000000000000 RAVE
1470	,2025-12-20 14:11:15,Купить,981253880754	,32.47274000 USDT,90.72636815 USDT,Доступно: 90.72636815 USDT
1471	,2025-12-20 14:07:57,Торговые комиссии,981255700665	,-0.001250809329 GT,2.182146482165 GT,Доступно: 0.542146482165 GT
1472	,2025-12-20 14:07:57,Продажа,981255700665	,-38.000000000000 RAVE,315.000000000000 RAVE,Доступно: 0.000000000000 RAVE
1473	,2025-12-20 14:07:57,Купить,981255700665	,14.30092000 USDT,58.25362815 USDT,Доступно: 58.25362815 USDT
1474	,2025-12-20 14:06:15,Торговые комиссии,981254918006	,-0.000295405739 GT,2.183397291495 GT,Доступно: 0.543397291495 GT
1475	,2025-12-20 14:06:15,Купить,981254918006	,9.000000000000 RAVE,353.000000000000 RAVE,Доступно: 38.000000000000 RAVE
1476	,2025-12-20 14:06:15,Продажа,981254918006	,-3.37419000 USDT,43.95270815 USDT,Доступно: 43.95270815 USDT
1477	,2025-12-20 14:06:14,Торговые комиссии,981254918006	,-0.000327909620 GT,2.183692697234 GT,Доступно: 0.543692697234 GT
1478	,2025-12-20 14:06:14,Торговые комиссии,981254918006	,-0.000623028279 GT,2.184020606855 GT,Доступно: 0.544020606855 GT
1479	,2025-12-20 14:06:14,Купить,981254918006	,10.000000000000 RAVE,344.000000000000 RAVE,Доступно: 29.000000000000 RAVE
1480	,2025-12-20 14:06:14,Купить,981254918006	,19.000000000000 RAVE,334.000000000000 RAVE,Доступно: 19.000000000000 RAVE
1481	,2025-12-20 14:06:14,Продажа,981254918006	,-3.74910000 USDT,47.32689815 USDT,Доступно: 43.95270815 USDT
1482	,2025-12-20 14:06:14,Продажа,981254918006	,-7.12329000 USDT,51.07599815 USDT,Доступно: 43.95270815 USDT
1483	,2025-12-20 14:00:10,Торговые комиссии,981253738545	,-0.001083587743 GT,2.184643635135 GT,Доступно: 0.544643635135 GT
1484	,2025-12-20 14:00:10,Купить,981253738545	,33.000000000000 RAVE,315.000000000000 RAVE,Доступно: 86.000000000000 RAVE
1485	,2025-12-20 14:00:10,Продажа,981253738545	,-12.37698000 USDT,58.19928815 USDT,Доступно: 58.19928815 USDT
1486	,2025-12-20 13:59:38,Торговые комиссии,981244042288	,-0.001742927405 GT,2.185727222878 GT,Доступно: 0.545727222878 GT
1487	,2025-12-20 13:59:38,Купить,981244042288	,53.000000000000 RAVE,282.000000000000 RAVE,Доступно: 53.000000000000 RAVE
1488	,2025-12-20 13:59:38,Продажа,981244042288	,-19.92747000 USDT,70.57626815 USDT,Доступно: 70.57626815 USDT
1489	,2025-12-20 13:14:26,Депозиты,300575342	,90.50000000 USDT,90.50373815 USDT,Доступно: 90.50373815 USDT
1490	,2025-12-20 05:30:41,Торговые комиссии,981120723885	,-0.000231181924 GT,2.187470150283 GT,Доступно: 0.547470150283 GT
1491	,2025-12-20 05:30:41,Торговые комиссии,981120723885	,-0.000655015451 GT,2.187701332208 GT,Доступно: 0.547701332208 GT
1492	,2025-12-20 05:30:41,Торговые комиссии,981120723885	,-0.000655015451 GT,2.188356347659 GT,Доступно: 0.548356347659 GT
1493	,2025-12-20 05:30:41,Торговые комиссии,981120723885	,-0.000462363848 GT,2.189011363111 GT,Доступно: 0.549011363111 GT
1494	,2025-12-20 05:30:41,Торговые комиссии,981120723885	,-0.000115590962 GT,2.189473726960 GT,Доступно: 0.549473726960 GT
1495	,2025-12-20 05:30:41,Купить,981120723885	,6.000000000000 RAVE,229.000000000000 RAVE,Доступно: 55.000000000000 RAVE
1496	,2025-12-20 05:30:41,Купить,981120723885	,17.000000000000 RAVE,223.000000000000 RAVE,Доступно: 49.000000000000 RAVE
1497	,2025-12-20 05:30:41,Купить,981120723885	,17.000000000000 RAVE,206.000000000000 RAVE,Доступно: 32.000000000000 RAVE
1498	,2025-12-20 05:30:41,Купить,981120723885	,12.000000000000 RAVE,189.000000000000 RAVE,Доступно: 15.000000000000 RAVE
1499	,2025-12-20 05:30:41,Купить,981120723885	,3.000000000000 RAVE,177.000000000000 RAVE,Доступно: 3.000000000000 RAVE
1500	,2025-12-20 05:30:41,Продажа,981120723885	,-2.64318000 USDT,0.00373815 USDT,Доступно: 0.00373815 USDT
1501	,2025-12-20 05:30:41,Продажа,981120723885	,-7.48901000 USDT,2.64691815 USDT,Доступно: 0.00373815 USDT
1502	,2025-12-20 05:30:41,Продажа,981120723885	,-7.48901000 USDT,10.13592815 USDT,Доступно: 0.00373815 USDT
1503	,2025-12-20 05:30:41,Продажа,981120723885	,-5.28636000 USDT,17.62493815 USDT,Доступно: 0.00373815 USDT
1504	,2025-12-20 05:30:41,Продажа,981120723885	,-1.32159000 USDT,22.91129815 USDT,Доступно: 0.00373815 USDT
1505	,2025-12-20 01:31:18,Торговые комиссии,980981319927	,-0.001083941529 GT,2.189589317922 GT,Доступно: 0.549589317922 GT
1506	,2025-12-20 01:31:18,Продажа,980981319927	,-28.000000000000 RAVE,174.000000000000 RAVE,Доступно: 0.000000000000 RAVE
1507	,2025-12-20 01:31:18,Купить,980981319927	,12.44124000 USDT,24.23288815 USDT,Доступно: 24.23288815 USDT
1508	,2025-12-20 00:33:01,Торговые комиссии,980989684893	,-0.000747327589 GT,2.190673259451 GT,Доступно: 0.550673259451 GT
1509	,2025-12-20 00:33:01,Продажа,980989684893	,-21.000000000000 RAVE,202.000000000000 RAVE,Доступно: 0.000000000000 RAVE
1510	,2025-12-20 00:33:01,Купить,980989684893	,8.57766000 USDT,11.79164815 USDT,Доступно: 11.79164815 USDT
1511	,2025-12-19 23:43:12,Торговые комиссии,981024835565	,-0.000270122448 GT,2.191420587041 GT,Доступно: 0.551420587041 GT
1512	,2025-12-19 23:43:12,Продажа,981024835565	,-8.000000000000 RAVE,223.000000000000 RAVE,Доступно: 0.000000000000 RAVE
1513	,2025-12-19 23:43:12,Купить,981024835565	,3.08840000 USDT,3.21398815 USDT,Доступно: 3.21398815 USDT
1514	,2025-12-19 22:26:51,Торговые комиссии,980995113773	,-0.000269387084 GT,2.191690709490 GT,Доступно: 0.551690709490 GT
1515	,2025-12-19 22:26:51,Купить,980995113773	,8.000000000000 RAVE,231.000000000000 RAVE,Доступно: 8.000000000000 RAVE
1516	,2025-12-19 22:26:51,Продажа,980995113773	,-3.05904000 USDT,0.12558815 USDT,Доступно: 0.12558815 USDT
1517	,2025-12-19 22:13:47,Торговые комиссии,980988955029	,-0.000718440882 GT,2.191960096574 GT,Доступно: 0.551960096574 GT
1518	,2025-12-19 22:13:47,Купить,980988955029	,21.000000000000 RAVE,223.000000000000 RAVE,Доступно: 21.000000000000 RAVE
1519	,2025-12-19 22:13:47,Продажа,980988955029	,-8.14233000 USDT,3.18462815 USDT,Доступно: 3.18462815 USDT
1520	,2025-12-19 21:51:12,Торговые комиссии,980981020379	,-0.000984286725 GT,2.192678537456 GT,Доступно: 0.552678537456 GT
1521	,2025-12-19 21:51:12,Купить,980981020379	,28.000000000000 RAVE,202.000000000000 RAVE,Доступно: 28.000000000000 RAVE
1522	,2025-12-19 21:51:12,Продажа,980981020379	,-11.12244000 USDT,11.32695815 USDT,Доступно: 11.32695815 USDT
1523	,2025-12-19 21:49:48,Торговые комиссии,980980382752	,-0.001961999999 GT,2.193662824182 GT,Доступно: 2.193662824182 GT
1524	,2025-12-19 21:49:48,Продажа,980980382752	,-2.180000000000 GT,2.195624824182 GT,Доступно: 2.195624824182 GT
1525	,2025-12-19 21:49:48,Купить,980980382752	,22.12700000 USDT,22.44939815 USDT,Доступно: 22.44939815 USDT
1526	,2025-12-19 09:02:01,Торговые комиссии,980670981262	,-0.000667422695 GT,4.375624824182 GT,Доступно: 4.375624824182 GT
1527	,2025-12-19 09:02:01,Купить,980670981262	,17.000000000000 RAVE,174.000000000000 RAVE,Доступно: 17.000000000000 RAVE
1528	,2025-12-19 09:02:01,Продажа,980670981262	,-7.48255000 USDT,0.32239815 USDT,Доступно: 0.32239815 USDT
1529	,2025-12-19 08:32:34,Торговые комиссии,980661465370	,-0.000655879245 GT,4.376292246878 GT,Доступно: 4.376292246878 GT
1530	,2025-12-19 08:32:34,Купить,980661465370	,16.000000000000 RAVE,157.000000000000 RAVE,Доступно: 48.000000000000 RAVE
1531	,2025-12-19 08:32:34,Продажа,980661465370	,-7.33856000 USDT,7.80494815 USDT,Доступно: 7.80494815 USDT
1532	,2025-12-19 08:30:11,Торговые комиссии,980659984864	,-0.001331571428 GT,4.376948126123 GT,Доступно: 4.376948126123 GT
1533	,2025-12-19 08:30:11,Купить,980659984864	,32.000000000000 RAVE,141.000000000000 RAVE,Доступно: 32.000000000000 RAVE
1534	,2025-12-19 08:30:11,Продажа,980659984864	,-14.91360000 USDT,15.14350815 USDT,Доступно: 15.14350815 USDT
1535	,2025-12-19 08:20:38,Торговые комиссии,980657886364	,-0.000890873856 GT,4.378279697552 GT,Доступно: 4.378279697552 GT
1536	,2025-12-19 08:20:38,Купить,980657886364	,21.000000000000 RAVE,109.000000000000 RAVE,Доступно: 21.000000000000 RAVE
1537	,2025-12-19 08:20:38,Продажа,980657886364	,-9.95799000 USDT,30.05710815 USDT,Доступно: 30.05710815 USDT
1538	,2025-12-19 08:17:13,Торговые комиссии,980648419972	,-0.002613316401 GT,4.379170571409 GT,Доступно: 4.379170571409 GT
1539	,2025-12-19 08:17:13,Купить,980648419972	,61.000000000000 RAVE,88.000000000000 RAVE,Доступно: 88.000000000000 RAVE
1540	,2025-12-19 08:17:13,Продажа,980648419972	,-29.21107000 USDT,40.01509815 USDT,Доступно: 40.01509815 USDT
1541	,2025-12-19 08:17:06,Торговые комиссии,980656960807	,-0.001161858846 GT,4.381783887810 GT,Доступно: 4.381783887810 GT
1542	,2025-12-19 08:17:06,Купить,980656960807	,27.000000000000 RAVE,27.000000000000 RAVE,Доступно: 27.000000000000 RAVE
1543	,2025-12-19 08:17:06,Продажа,980656960807	,-12.98700000 USDT,69.22616815 USDT,Доступно: 40.01509815 USDT
1544	,2025-12-19 07:48:40,Торговые комиссии,980646781549	,-0.001349870916 GT,4.382945746657 GT,Доступно: 4.382945746657 GT
1545	,2025-12-19 07:48:40,Торговые комиссии,980646781549	,-0.001393415139 GT,4.384295617573 GT,Доступно: 4.384295617573 GT
1546	,2025-12-19 07:48:40,Продажа,980646781549	,-31.000000000000 RAVE,0.000000000000 RAVE,Доступно: 0.000000000000 RAVE
1547	,2025-12-19 07:48:40,Продажа,980646781549	,-32.000000000000 RAVE,31.000000000000 RAVE,Доступно: 0.000000000000 RAVE
1548	,2025-12-19 07:48:40,Купить,980646781549	,15.05856000 USDT,82.21316815 USDT,Доступно: 82.21316815 USDT
1549	,2025-12-19 07:48:40,Купить,980646781549	,15.54432000 USDT,67.15460815 USDT,Доступно: 67.15460815 USDT
1550	,2025-12-19 07:43:56,Торговые комиссии,980645831132	,-0.000385419621 GT,4.385689032713 GT,Доступно: 4.385689032713 GT
1551	,2025-12-19 07:43:56,Торговые комиссии,980645831132	,-0.000599541633 GT,4.386074452334 GT,Доступно: 4.386074452334 GT
1552	,2025-12-19 07:43:56,Торговые комиссии,980645831132	,-0.000556717231 GT,4.386673993968 GT,Доступно: 4.386673993968 GT
1553	,2025-12-19 07:43:56,Купить,980645831132	,9.000000000000 RAVE,63.000000000000 RAVE,Доступно: 63.000000000000 RAVE
1554	,2025-12-19 07:43:56,Купить,980645831132	,14.000000000000 RAVE,54.000000000000 RAVE,Доступно: 54.000000000000 RAVE
1555	,2025-12-19 07:43:56,Купить,980645831132	,13.000000000000 RAVE,40.000000000000 RAVE,Доступно: 40.000000000000 RAVE
1556	,2025-12-19 07:43:56,Продажа,980645831132	,-4.29957000 USDT,51.61028815 USDT,Доступно: 51.61028815 USDT
1557	,2025-12-19 07:43:56,Продажа,980645831132	,-6.68822000 USDT,55.90985815 USDT,Доступно: 51.61028815 USDT
1558	,2025-12-19 07:43:56,Продажа,980645831132	,-6.21049000 USDT,62.59807815 USDT,Доступно: 51.61028815 USDT
1559	,2025-12-19 07:42:55,Торговые комиссии,980645723362	,-0.000472880458 GT,4.387230711199 GT,Доступно: 4.387230711199 GT
1560	,2025-12-19 07:42:55,Торговые комиссии,980645723362	,-0.000687826121 GT,4.387703591657 GT,Доступно: 4.387703591657 GT
1561	,2025-12-19 07:42:55,Купить,980645723362	,11.000000000000 RAVE,27.000000000000 RAVE,Доступно: 27.000000000000 RAVE
1562	,2025-12-19 07:42:55,Купить,980645723362	,16.000000000000 RAVE,16.000000000000 RAVE,Доступно: 16.000000000000 RAVE
1563	,2025-12-19 07:42:55,Продажа,980645723362	,-5.26999000 USDT,68.80856815 USDT,Доступно: 68.80856815 USDT
1564	,2025-12-19 07:42:55,Продажа,980645723362	,-7.66544000 USDT,74.07855815 USDT,Доступно: 68.80856815 USDT
1565	,2025-12-19 07:33:49,Торговые комиссии,980642458080	,-0.000523306163 GT,4.388391417779 GT,Доступно: 4.388391417779 GT
1566	,2025-12-19 07:33:49,Торговые комиссии,980642458080	,-0.000654132703 GT,4.388914723942 GT,Доступно: 4.388914723942 GT
1567	,2025-12-19 07:33:49,Торговые комиссии,980642458080	,-0.000654132703 GT,4.389568856646 GT,Доступно: 4.389568856646 GT
1568	,2025-12-19 07:33:49,Продажа,980642458080	,-12.000000000000 RAVE,0.000000000000 RAVE,Доступно: 0.000000000000 RAVE
1569	,2025-12-19 07:33:49,Продажа,980642458080	,-15.000000000000 RAVE,12.000000000000 RAVE,Доступно: 0.000000000000 RAVE
1570	,2025-12-19 07:33:49,Продажа,980642458080	,-15.000000000000 RAVE,27.000000000000 RAVE,Доступно: 0.000000000000 RAVE
1571	,2025-12-19 07:33:49,Купить,980642458080	,5.84940000 USDT,81.74399815 USDT,Доступно: 81.74399815 USDT
1572	,2025-12-19 07:33:49,Купить,980642458080	,7.31175000 USDT,75.89459815 USDT,Доступно: 75.89459815 USDT
1573	,2025-12-19 07:33:49,Купить,980642458080	,7.31175000 USDT,68.58284815 USDT,Доступно: 68.58284815 USDT
1574	,2025-12-19 07:31:02,Торговые комиссии,980641682153	,-0.000258598208 GT,4.390222989350 GT,Доступно: 4.390222989350 GT
1575	,2025-12-19 07:31:02,Торговые комиссии,980641682153	,-0.000775794626 GT,4.390481587559 GT,Доступно: 4.390481587559 GT
1576	,2025-12-19 07:31:02,Торговые комиссии,980641682153	,-0.000775794626 GT,4.391257382185 GT,Доступно: 4.391257382185 GT
1577	,2025-12-19 07:31:02,Купить,980641682153	,6.000000000000 RAVE,42.000000000000 RAVE,Доступно: 42.000000000000 RAVE
1578	,2025-12-19 07:31:02,Купить,980641682153	,18.000000000000 RAVE,36.000000000000 RAVE,Доступно: 36.000000000000 RAVE
1579	,2025-12-19 07:31:02,Купить,980641682153	,18.000000000000 RAVE,18.000000000000 RAVE,Доступно: 18.000000000000 RAVE
1580	,2025-12-19 07:31:02,Продажа,980641682153	,-2.88768000 USDT,61.27109815 USDT,Доступно: 61.27109815 USDT
1581	,2025-12-19 07:31:02,Продажа,980641682153	,-8.66304000 USDT,64.15877815 USDT,Доступно: 61.27109815 USDT
1582	,2025-12-19 07:31:02,Продажа,980641682153	,-8.66304000 USDT,72.82181815 USDT,Доступно: 61.27109815 USDT
1583	,2025-12-19 07:17:10,Торговые комиссии,980632390429	,-0.000256003972 GT,4.392033176812 GT,Доступно: 4.392033176812 GT
1584	,2025-12-19 07:17:10,Торговые комиссии,980632390429	,-0.001280019860 GT,4.392289180785 GT,Доступно: 4.392289180785 GT
1585	,2025-12-19 07:17:10,Продажа,980632390429	,-6.000000000000 RAVE,0.000000000000 RAVE,Доступно: 0.000000000000 RAVE
1586	,2025-12-19 07:17:10,Продажа,980632390429	,-30.000000000000 RAVE,6.000000000000 RAVE,Доступно: 0.000000000000 RAVE
1587	,2025-12-19 07:17:10,Купить,980632390429	,2.86440000 USDT,81.48485815 USDT,Доступно: 81.48485815 USDT
1588	,2025-12-19 07:17:10,Купить,980632390429	,14.32200000 USDT,78.62045815 USDT,Доступно: 78.62045815 USDT
1589	,2025-12-19 07:10:04,Торговые комиссии,980634063442	,-0.001422125124 GT,4.393569200646 GT,Доступно: 4.393569200646 GT
1590	,2025-12-19 07:10:04,Продажа,980634063442	,-34.000000000000 RAVE,36.000000000000 RAVE,Доступно: 0.000000000000 RAVE
1591	,2025-12-19 07:10:04,Купить,980634063442	,15.91200000 USDT,64.29845815 USDT,Доступно: 64.29845815 USDT
1592	,2025-12-19 07:08:57,Торговые комиссии,980633328587	,-0.000332579940 GT,4.394991325770 GT,Доступно: 4.394991325770 GT
1593	,2025-12-19 07:08:57,Торговые комиссии,980633328587	,-0.000374152432 GT,4.395323905710 GT,Доступно: 4.395323905710 GT
1594	,2025-12-19 07:08:57,Торговые комиссии,980633328587	,-0.000374152432 GT,4.395698058143 GT,Доступно: 4.395698058143 GT
1595	,2025-12-19 07:08:57,Торговые комиссии,980633328587	,-0.000332579940 GT,4.396072210576 GT,Доступно: 4.396072210576 GT
1596	,2025-12-19 07:08:57,Купить,980633328587	,8.000000000000 RAVE,70.000000000000 RAVE,Доступно: 34.000000000000 RAVE
1597	,2025-12-19 07:08:57,Купить,980633328587	,9.000000000000 RAVE,62.000000000000 RAVE,Доступно: 26.000000000000 RAVE
1598	,2025-12-19 07:08:57,Купить,980633328587	,9.000000000000 RAVE,53.000000000000 RAVE,Доступно: 17.000000000000 RAVE
1599	,2025-12-19 07:08:57,Купить,980633328587	,8.000000000000 RAVE,44.000000000000 RAVE,Доступно: 8.000000000000 RAVE
1600	,2025-12-19 07:08:57,Продажа,980633328587	,-3.72120000 USDT,48.38645815 USDT,Доступно: 48.38645815 USDT
1601	,2025-12-19 07:08:57,Продажа,980633328587	,-4.18635000 USDT,52.10765815 USDT,Доступно: 48.38645815 USDT
1602	,2025-12-19 07:08:57,Продажа,980633328587	,-4.18635000 USDT,56.29400815 USDT,Доступно: 48.38645815 USDT
1603	,2025-12-19 07:08:57,Продажа,980633328587	,-3.72120000 USDT,60.48035815 USDT,Доступно: 48.38645815 USDT
1604	,2025-12-19 07:05:08,Торговые комиссии,980631835193	,-0.001520188656 GT,4.396404790516 GT,Доступно: 4.396404790516 GT
1605	,2025-12-19 07:05:08,Купить,980631835193	,36.000000000000 RAVE,36.000000000000 RAVE,Доступно: 36.000000000000 RAVE
1606	,2025-12-19 07:05:08,Продажа,980631835193	,-16.97544000 USDT,64.20155815 USDT,Доступно: 64.20155815 USDT
1607	,2025-12-19 07:01:20,Торговые комиссии,980630155698	,-0.001801950447 GT,4.397924979173 GT,Доступно: 4.397924979173 GT
1608	,2025-12-19 07:01:20,Продажа,980630155698	,-42.000000000000 RAVE,0.000000000000 RAVE,Доступно: 0.000000000000 RAVE
1609	,2025-12-19 07:01:20,Купить,980630155698	,20.12178000 USDT,81.17699815 USDT,Доступно: 81.17699815 USDT
1610	,2025-12-19 07:00:49,Торговые комиссии,980629765283	,-0.000256951792 GT,4.399726929621 GT,Доступно: 4.399726929621 GT
1611	,2025-12-19 07:00:49,Торговые комиссии,980629765283	,-0.000513903585 GT,4.399983881414 GT,Доступно: 4.399983881414 GT
1612	,2025-12-19 07:00:49,Торговые комиссии,980629765283	,-0.000513903585 GT,4.400497784999 GT,Доступно: 4.400497784999 GT
1613	,2025-12-19 07:00:49,Торговые комиссии,980629765283	,-0.000513903585 GT,4.401011688585 GT,Доступно: 4.401011688585 GT
1614	,2025-12-19 07:00:49,Купить,980629765283	,6.000000000000 RAVE,42.000000000000 RAVE,Доступно: 42.000000000000 RAVE
1615	,2025-12-19 07:00:49,Купить,980629765283	,12.000000000000 RAVE,36.000000000000 RAVE,Доступно: 36.000000000000 RAVE
1616	,2025-12-19 07:00:49,Купить,980629765283	,12.000000000000 RAVE,24.000000000000 RAVE,Доступно: 24.000000000000 RAVE
1617	,2025-12-19 07:00:49,Купить,980629765283	,12.000000000000 RAVE,12.000000000000 RAVE,Доступно: 12.000000000000 RAVE
1618	,2025-12-19 07:00:49,Продажа,980629765283	,-2.86644000 USDT,61.05521815 USDT,Доступно: 61.05521815 USDT
1619	,2025-12-19 07:00:49,Продажа,980629765283	,-5.73288000 USDT,63.92165815 USDT,Доступно: 61.05521815 USDT
1620	,2025-12-19 07:00:49,Продажа,980629765283	,-5.73288000 USDT,69.65453815 USDT,Доступно: 61.05521815 USDT
1621	,2025-12-19 07:00:49,Продажа,980629765283	,-5.73288000 USDT,75.38741815 USDT,Доступно: 61.05521815 USDT
1622	,2025-12-18 22:19:23,Торговые комиссии,980382995881	,-0.004422725748 GT,4.401525592171 GT,Доступно: 4.401525592171 GT
1623	,2025-12-18 22:19:23,Продажа,980382995881	,-112.000000000000 RAVE,0.000000000000 RAVE,Доступно: 0.000000000000 RAVE
1624	,2025-12-18 22:19:23,Купить,980382995881	,49.23968000 USDT,81.12029815 USDT,Доступно: 81.12029815 USDT
1625	,2025-12-18 22:14:16,Торговые комиссии,980383277901	,-0.000117906281 GT,4.405948317919 GT,Доступно: 4.405948317919 GT
1626	,2025-12-18 22:14:16,Торговые комиссии,980383277901	,-0.000746739780 GT,4.406066224200 GT,Доступно: 4.406066224200 GT
1627	,2025-12-18 22:14:16,Торговые комиссии,980383277901	,-0.000353718843 GT,4.406812963981 GT,Доступно: 4.406812963981 GT
1628	,2025-12-18 22:14:16,Торговые комиссии,980383277901	,-0.000628833499 GT,4.407166682825 GT,Доступно: 4.407166682825 GT
1629	,2025-12-18 22:14:16,Продажа,980383277901	,-3.000000000000 RAVE,112.000000000000 RAVE,Доступно: 0.000000000000 RAVE
1630	,2025-12-18 22:14:16,Продажа,980383277901	,-19.000000000000 RAVE,115.000000000000 RAVE,Доступно: 0.000000000000 RAVE
1631	,2025-12-18 22:14:16,Продажа,980383277901	,-9.000000000000 RAVE,134.000000000000 RAVE,Доступно: 0.000000000000 RAVE
1632	,2025-12-18 22:14:16,Продажа,980383277901	,-16.000000000000 RAVE,143.000000000000 RAVE,Доступно: 0.000000000000 RAVE
1633	,2025-12-18 22:14:16,Купить,980383277901	,1.31400000 USDT,31.88061815 USDT,Доступно: 31.88061815 USDT
1634	,2025-12-18 22:14:16,Купить,980383277901	,8.32200000 USDT,30.56661815 USDT,Доступно: 30.56661815 USDT
1635	,2025-12-18 22:14:16,Купить,980383277901	,3.94200000 USDT,22.24461815 USDT,Доступно: 22.24461815 USDT
1636	,2025-12-18 22:14:16,Купить,980383277901	,7.00800000 USDT,18.30261815 USDT,Доступно: 18.30261815 USDT
1637	,2025-12-18 21:37:00,Торговые комиссии,980382732039	,-0.000385257199 GT,4.407795516324 GT,Доступно: 4.407795516324 GT
1638	,2025-12-18 21:37:00,Торговые комиссии,980382732039	,-0.000577885799 GT,4.408180773524 GT,Доступно: 4.408180773524 GT
1639	,2025-12-18 21:37:00,Купить,980382732039	,10.000000000000 RAVE,159.000000000000 RAVE,Доступно: 47.000000000000 RAVE
1640	,2025-12-18 21:37:00,Купить,980382732039	,15.000000000000 RAVE,149.000000000000 RAVE,Доступно: 37.000000000000 RAVE
1641	,2025-12-18 21:37:00,Продажа,980382732039	,-4.31060000 USDT,11.29461815 USDT,Доступно: 11.29461815 USDT
1642	,2025-12-18 21:37:00,Продажа,980382732039	,-6.46590000 USDT,15.60521815 USDT,Доступно: 11.29461815 USDT
1643	,2025-12-18 21:36:41,Торговые комиссии,980382158377	,-0.000849079841 GT,4.408758659323 GT,Доступно: 4.408758659323 GT
1644	,2025-12-18 21:36:41,Купить,980382158377	,22.000000000000 RAVE,134.000000000000 RAVE,Доступно: 22.000000000000 RAVE
1645	,2025-12-18 21:36:41,Продажа,980382158377	,-9.50026000 USDT,22.07111815 USDT,Доступно: 11.31961815 USDT
1646	,2025-12-18 21:34:27,Торговые комиссии,980382078907	,-0.001239829990 GT,4.409607739164 GT,Доступно: 4.409607739164 GT
1647	,2025-12-18 21:34:27,Купить,980382078907	,32.000000000000 RAVE,112.000000000000 RAVE,Доступно: 112.000000000000 RAVE
1648	,2025-12-18 21:34:27,Продажа,980382078907	,-13.87232000 USDT,31.57137815 USDT,Доступно: 31.57137815 USDT
1649	,2025-12-18 21:34:19,Торговые комиссии,980381974588	,-0.001319963058 GT,4.410847569154 GT,Доступно: 4.410847569154 GT
1650	,2025-12-18 21:34:19,Купить,980381974588	,34.000000000000 RAVE,80.000000000000 RAVE,Доступно: 80.000000000000 RAVE
1651	,2025-12-18 21:34:19,Продажа,980381974588	,-14.76892000 USDT,45.44369815 USDT,Доступно: 45.44369815 USDT
1652	,2025-12-18 21:34:04,Торговые комиссии,980381628208	,-0.001164807348 GT,4.412167532213 GT,Доступно: 4.412167532213 GT
1653	,2025-12-18 21:34:04,Торговые комиссии,980381628208	,-0.000621230585 GT,4.413332339561 GT,Доступно: 4.413332339561 GT
1654	,2025-12-18 21:34:04,Купить,980381628208	,30.000000000000 RAVE,46.000000000000 RAVE,Доступно: 46.000000000000 RAVE
1655	,2025-12-18 21:34:04,Купить,980381628208	,16.000000000000 RAVE,16.000000000000 RAVE,Доступно: 16.000000000000 RAVE
1656	,2025-12-18 21:34:04,Продажа,980381628208	,-13.03290000 USDT,60.21261815 USDT,Доступно: 60.21261815 USDT
1657	,2025-12-18 21:34:04,Продажа,980381628208	,-6.95088000 USDT,73.24551815 USDT,Доступно: 60.21261815 USDT
1658	,2025-12-18 20:30:57,Торговые комиссии,980331781779	,-0.003638109880 GT,4.413953570147 GT,Доступно: 4.413953570147 GT
1659	,2025-12-18 20:30:57,Продажа,980331781779	,-93.000000000000 RAVE,0.000000000000 RAVE,Доступно: 0.000000000000 RAVE
1660	,2025-12-18 20:30:57,Купить,980331781779	,40.50429000 USDT,80.19639815 USDT,Доступно: 55.53085815 USDT
1661	,2025-12-18 20:17:52,Торговые комиссии,980331603247	,-0.000720936000 GT,4.417591680027 GT,Доступно: 4.417591680027 GT
1662	,2025-12-18 20:17:52,Торговые комиссии,980331603247	,-0.001897200000 GT,4.418312616027 GT,Доступно: 4.418312616027 GT
1663	,2025-12-18 20:17:52,Торговые комиссии,980331603247	,-0.000910483200 GT,4.420209816027 GT,Доступно: 4.420209816027 GT
1664	,2025-12-18 20:17:52,Купить,980331603247	,19.000000000000 RAVE,93.000000000000 RAVE,Доступно: 93.000000000000 RAVE
1665	,2025-12-18 20:17:52,Купить,980331603247	,50.000000000000 RAVE,74.000000000000 RAVE,Доступно: 74.000000000000 RAVE
1666	,2025-12-18 20:17:52,Купить,980331603247	,24.000000000000 RAVE,24.000000000000 RAVE,Доступно: 24.000000000000 RAVE
1667	,2025-12-18 20:17:52,Продажа,980331603247	,-8.01040000 USDT,39.69210815 USDT,Доступно: 39.69210815 USDT
1668	,2025-12-18 20:17:52,Продажа,980331603247	,-21.08000000 USDT,47.70250815 USDT,Доступно: 39.69018815 USDT
1669	,2025-12-18 20:17:52,Продажа,980331603247	,-10.11648000 USDT,68.78250815 USDT,Доступно: 39.69018815 USDT
1670	,2025-12-18 19:23:46,Торговые комиссии,980294286763	,-0.004461029911 GT,4.421120299227 GT,Доступно: 4.421120299227 GT
1671	,2025-12-18 19:23:46,Продажа,980294286763	,-121.000000000000 RAVE,0.000000000000 RAVE,Доступно: 0.000000000000 RAVE
1672	,2025-12-18 19:23:46,Купить,980294286763	,50.21137000 USDT,78.89898815 USDT,Доступно: 78.89898815 USDT
1673	,2025-12-18 19:23:04,Торговые комиссии,980296150894	,-0.000731467455 GT,4.425581329139 GT,Доступно: 4.425581329139 GT
1674	,2025-12-18 19:23:04,Торговые комиссии,980296150894	,-0.000841187573 GT,4.426312796594 GT,Доступно: 4.426312796594 GT
1675	,2025-12-18 19:23:04,Продажа,980296150894	,-20.000000000000 RAVE,121.000000000000 RAVE,Доступно: 0.000000000000 RAVE
1676	,2025-12-18 19:23:04,Продажа,980296150894	,-23.000000000000 RAVE,141.000000000000 RAVE,Доступно: 0.000000000000 RAVE
1677	,2025-12-18 19:23:04,Купить,980296150894	,8.24120000 USDT,28.68761815 USDT,Доступно: 28.68761815 USDT
1678	,2025-12-18 19:23:04,Купить,980296150894	,9.47738000 USDT,20.44641815 USDT,Доступно: 20.44641815 USDT
1679	,2025-12-18 19:15:46,Торговые комиссии,980295867494	,-0.000933138461 GT,4.427153984168 GT,Доступно: 4.427153984168 GT
1680	,2025-12-18 19:15:46,Купить,980295867494	,26.000000000000 RAVE,164.000000000000 RAVE,Доступно: 43.000000000000 RAVE
1681	,2025-12-18 19:15:46,Продажа,980295867494	,-10.51336000 USDT,10.96903815 USDT,Доступно: 10.94927815 USDT
1682	,2025-12-18 19:15:06,Торговые комиссии,980294507223	,-0.000617024556 GT,4.428087122630 GT,Доступно: 4.428087122630 GT
1683	,2025-12-18 19:15:06,Купить,980294507223	,17.000000000000 RAVE,138.000000000000 RAVE,Доступно: 17.000000000000 RAVE
1684	,2025-12-18 19:15:06,Продажа,980294507223	,-6.95181000 USDT,21.48239815 USDT,Доступно: 21.48239815 USDT
1685	,2025-12-18 19:12:35,Торговые комиссии,980285475492	,-0.000218096157 GT,4.428704147186 GT,Доступно: 4.428704147186 GT
1686	,2025-12-18 19:12:35,Торговые комиссии,980285475492	,-0.001599371822 GT,4.428922243344 GT,Доступно: 4.428922243344 GT
1687	,2025-12-18 19:12:35,Торговые комиссии,980285475492	,-0.001163179507 GT,4.430521615166 GT,Доступно: 4.430521615166 GT
1688	,2025-12-18 19:12:35,Купить,980285475492	,6.000000000000 RAVE,121.000000000000 RAVE,Доступно: 121.000000000000 RAVE
1689	,2025-12-18 19:12:35,Купить,980285475492	,44.000000000000 RAVE,115.000000000000 RAVE,Доступно: 115.000000000000 RAVE
1690	,2025-12-18 19:12:35,Купить,980285475492	,32.000000000000 RAVE,71.000000000000 RAVE,Доступно: 71.000000000000 RAVE
1691	,2025-12-18 19:12:35,Продажа,980285475492	,-2.45964000 USDT,28.43420815 USDT,Доступно: 28.43420815 USDT
1692	,2025-12-18 19:12:35,Продажа,980285475492	,-18.03736000 USDT,30.89384815 USDT,Доступно: 28.43420815 USDT
1693	,2025-12-18 19:12:35,Продажа,980285475492	,-13.11808000 USDT,48.93120815 USDT,Доступно: 28.43420815 USDT
1694	,2025-12-18 19:11:41,Торговые комиссии,980287003221	,-0.000582532544 GT,4.431684794674 GT,Доступно: 4.431684794674 GT
1695	,2025-12-18 19:11:41,Торговые комиссии,980287003221	,-0.000327674556 GT,4.432267327218 GT,Доступно: 4.432267327218 GT
1696	,2025-12-18 19:11:41,Торговые комиссии,980287003221	,-0.000509715976 GT,4.432595001774 GT,Доступно: 4.432595001774 GT
1697	,2025-12-18 19:11:41,Купить,980287003221	,16.000000000000 RAVE,39.000000000000 RAVE,Доступно: 39.000000000000 RAVE
1698	,2025-12-18 19:11:41,Купить,980287003221	,9.000000000000 RAVE,23.000000000000 RAVE,Доступно: 23.000000000000 RAVE
1699	,2025-12-18 19:11:41,Купить,980287003221	,14.000000000000 RAVE,14.000000000000 RAVE,Доступно: 14.000000000000 RAVE
1700	,2025-12-18 19:11:41,Продажа,980287003221	,-6.56320000 USDT,62.04928815 USDT,Доступно: 28.51620815 USDT
1701	,2025-12-18 19:11:41,Продажа,980287003221	,-3.69180000 USDT,68.61248815 USDT,Доступно: 28.51620815 USDT
1702	,2025-12-18 19:11:41,Продажа,980287003221	,-5.74280000 USDT,72.30428815 USDT,Доступно: 28.51620815 USDT
1703	,2025-12-18 18:53:21,Торговые комиссии,980284865086	,-0.000221005917 GT,4.433104717751 GT,Доступно: 4.433104717751 GT
1704	,2025-12-18 18:53:21,Торговые комиссии,980284865086	,-0.001510207100 GT,4.433325723668 GT,Доступно: 4.433325723668 GT
1705	,2025-12-18 18:53:21,Продажа,980284865086	,-6.000000000000 RAVE,0.000000000000 RAVE,Доступно: 0.000000000000 RAVE
1706	,2025-12-18 18:53:21,Продажа,980284865086	,-41.000000000000 RAVE,6.000000000000 RAVE,Доступно: 0.000000000000 RAVE
1707	,2025-12-18 18:53:21,Купить,980284865086	,2.49000000 USDT,78.04708815 USDT,Доступно: 78.04708815 USDT
1708	,2025-12-18 18:53:21,Купить,980284865086	,17.01500000 USDT,75.55708815 USDT,Доступно: 75.55708815 USDT
1709	,2025-12-18 18:47:03,Торговые комиссии,980277573727	,-0.000472633891 GT,4.434835930768 GT,Доступно: 4.434835930768 GT
1710	,2025-12-18 18:47:03,Торговые комиссии,980277573727	,-0.000363564532 GT,4.435308564660 GT,Доступно: 4.435308564660 GT
1711	,2025-12-18 18:47:03,Торговые комиссии,980277573727	,-0.000436277438 GT,4.435672129192 GT,Доступно: 4.435672129192 GT
1712	,2025-12-18 18:47:03,Торговые комиссии,980277573727	,-0.000436277438 GT,4.436108406630 GT,Доступно: 4.436108406630 GT
1713	,2025-12-18 18:47:03,Купить,980277573727	,13.000000000000 RAVE,47.000000000000 RAVE,Доступно: 47.000000000000 RAVE
1714	,2025-12-18 18:47:03,Купить,980277573727	,10.000000000000 RAVE,34.000000000000 RAVE,Доступно: 34.000000000000 RAVE
1715	,2025-12-18 18:47:03,Купить,980277573727	,12.000000000000 RAVE,24.000000000000 RAVE,Доступно: 24.000000000000 RAVE
1716	,2025-12-18 18:47:03,Купить,980277573727	,12.000000000000 RAVE,12.000000000000 RAVE,Доступно: 12.000000000000 RAVE
1717	,2025-12-18 18:47:03,Продажа,980277573727	,-5.33026000 USDT,58.54208815 USDT,Доступно: 58.54208815 USDT
1718	,2025-12-18 18:47:03,Продажа,980277573727	,-4.10020000 USDT,63.87234815 USDT,Доступно: 58.54208815 USDT
1719	,2025-12-18 18:47:03,Продажа,980277573727	,-4.92024000 USDT,67.97254815 USDT,Доступно: 58.54208815 USDT
1720	,2025-12-18 18:47:03,Продажа,980277573727	,-4.92024000 USDT,72.89278815 USDT,Доступно: 58.54208815 USDT
1721	,2025-12-18 18:38:17,Торговые комиссии,980274548449	,-0.000918230088 GT,4.436544684069 GT,Доступно: 4.436544684069 GT
1722	,2025-12-18 18:38:17,Торговые комиссии,980274548449	,-0.001616084955 GT,4.437462914157 GT,Доступно: 4.437462914157 GT
1723	,2025-12-18 18:38:17,Торговые комиссии,980274548449	,-0.000404021238 GT,4.439078999113 GT,Доступно: 4.439078999113 GT
1724	,2025-12-18 18:38:17,Продажа,980274548449	,-25.000000000000 RAVE,0.000000000000 RAVE,Доступно: 0.000000000000 RAVE
1725	,2025-12-18 18:38:17,Продажа,980274548449	,-44.000000000000 RAVE,25.000000000000 RAVE,Доступно: 0.000000000000 RAVE
1726	,2025-12-18 18:38:17,Продажа,980274548449	,-11.000000000000 RAVE,69.000000000000 RAVE,Доступно: 0.000000000000 RAVE
1727	,2025-12-18 18:38:17,Купить,980274548449	,10.37600000 USDT,77.81302815 USDT,Доступно: 77.81302815 USDT
1728	,2025-12-18 18:38:17,Купить,980274548449	,18.26176000 USDT,67.43702815 USDT,Доступно: 67.43702815 USDT
1729	,2025-12-18 18:38:17,Купить,980274548449	,4.56544000 USDT,49.17526815 USDT,Доступно: 49.17526815 USDT
1730	,2025-12-18 18:34:52,Торговые комиссии,980274333563	,-0.000036368343 GT,4.439483020352 GT,Доступно: 4.439483020352 GT
1731	,2025-12-18 18:34:52,Торговые комиссии,980274333563	,-0.000400051775 GT,4.439519388695 GT,Доступно: 4.439519388695 GT
1732	,2025-12-18 18:34:52,Торговые комиссии,980274333563	,-0.000327315088 GT,4.439919440470 GT,Доступно: 4.439919440470 GT
1733	,2025-12-18 18:34:52,Торговые комиссии,980274333563	,-0.000509156804 GT,4.440246755559 GT,Доступно: 4.440246755559 GT
1734	,2025-12-18 18:34:52,Купить,980274333563	,1.000000000000 RAVE,80.000000000000 RAVE,Доступно: 80.000000000000 RAVE
1735	,2025-12-18 18:34:52,Купить,980274333563	,11.000000000000 RAVE,79.000000000000 RAVE,Доступно: 79.000000000000 RAVE
1736	,2025-12-18 18:34:52,Купить,980274333563	,9.000000000000 RAVE,68.000000000000 RAVE,Доступно: 68.000000000000 RAVE
1737	,2025-12-18 18:34:52,Купить,980274333563	,14.000000000000 RAVE,59.000000000000 RAVE,Доступно: 59.000000000000 RAVE
1738	,2025-12-18 18:34:52,Продажа,980274333563	,-0.40975000 USDT,44.60982815 USDT,Доступно: 44.60982815 USDT
1739	,2025-12-18 18:34:52,Продажа,980274333563	,-4.50725000 USDT,45.01957815 USDT,Доступно: 44.60982815 USDT
1740	,2025-12-18 18:34:52,Продажа,980274333563	,-3.68775000 USDT,49.52682815 USDT,Доступно: 44.60982815 USDT
1741	,2025-12-18 18:34:52,Продажа,980274333563	,-5.73650000 USDT,53.21457815 USDT,Доступно: 44.60982815 USDT
1742	,2025-12-18 18:33:42,Торговые комиссии,980269648293	,-0.001638750740 GT,4.440755912364 GT,Доступно: 4.440755912364 GT
1743	,2025-12-18 18:33:42,Купить,980269648293	,45.000000000000 RAVE,45.000000000000 RAVE,Доступно: 45.000000000000 RAVE
1744	,2025-12-18 18:33:42,Продажа,980269648293	,-18.44505000 USDT,58.95107815 USDT,Доступно: 58.95107815 USDT
1745	,2025-12-18 17:25:01,Торговые комиссии,980187212523	,-0.004529830860 GT,4.442394663104 GT,Доступно: 4.442394663104 GT
1746	,2025-12-18 17:25:01,Продажа,980187212523	,-126.000000000000 RAVE,0.000000000000 RAVE,Доступно: 0.000000000000 RAVE
1747	,2025-12-18 17:25:01,Купить,980187212523	,50.88510000 USDT,77.39612815 USDT,Доступно: 77.39612815 USDT
1748	,2025-12-18 17:24:49,Торговые комиссии,980187806675	,-0.000502828486 GT,4.446924493965 GT,Доступно: 4.446924493965 GT
1749	,2025-12-18 17:24:49,Торговые комиссии,980187806675	,-0.001831732344 GT,4.447427322451 GT,Доступно: 4.447427322451 GT
1750	,2025-12-18 17:24:49,Продажа,980187806675	,-14.000000000000 RAVE,126.000000000000 RAVE,Доступно: 0.000000000000 RAVE
1751	,2025-12-18 17:24:49,Продажа,980187806675	,-51.000000000000 RAVE,140.000000000000 RAVE,Доступно: 0.000000000000 RAVE
1752	,2025-12-18 17:24:49,Купить,980187806675	,5.64844000 USDT,26.51102815 USDT,Доступно: 26.51102815 USDT
1753	,2025-12-18 17:24:49,Купить,980187806675	,20.57646000 USDT,20.86258815 USDT,Доступно: 20.86258815 USDT
1754	,2025-12-18 16:21:36,Торговые комиссии,980187700443	,-0.000597062487 GT,4.449259054796 GT,Доступно: 4.449259054796 GT
1755	,2025-12-18 16:21:36,Купить,980187700443	,17.000000000000 RAVE,191.000000000000 RAVE,Доступно: 65.000000000000 RAVE
1756	,2025-12-18 16:21:36,Продажа,980187700443	,-6.72027000 USDT,0.28612815 USDT,Доступно: 0.28238815 USDT
1757	,2025-12-18 16:21:10,Торговые комиссии,980177944724	,-0.001660348075 GT,4.449856117283 GT,Доступно: 4.449856117283 GT
1758	,2025-12-18 16:21:10,Торговые комиссии,980177944724	,-0.000035326554 GT,4.451516465358 GT,Доступно: 4.451516465358 GT
1759	,2025-12-18 16:21:10,Купить,980177944724	,47.000000000000 RAVE,174.000000000000 RAVE,Доступно: 48.000000000000 RAVE
1760	,2025-12-18 16:21:10,Купить,980177944724	,1.000000000000 RAVE,127.000000000000 RAVE,Доступно: 1.000000000000 RAVE
1761	,2025-12-18 16:21:10,Продажа,980177944724	,-18.68814000 USDT,7.00639815 USDT,Доступно: 7.00639815 USDT
1762	,2025-12-18 16:21:10,Продажа,980177944724	,-0.39762000 USDT,25.69453815 USDT,Доступно: 7.00639815 USDT
1763	,2025-12-18 16:20:00,Торговые комиссии,980186914844	,-0.000780487462 GT,4.451551791913 GT,Доступно: 4.451551791913 GT
1764	,2025-12-18 16:20:00,Купить,980186914844	,22.000000000000 RAVE,126.000000000000 RAVE,Доступно: 126.000000000000 RAVE
1765	,2025-12-18 16:20:00,Продажа,980186914844	,-8.78482000 USDT,26.09215815 USDT,Доступно: 7.00639815 USDT
1766	,2025-12-18 16:19:36,Торговые комиссии,980186854841	,-0.001173120652 GT,4.452332279376 GT,Доступно: 4.452332279376 GT
1767	,2025-12-18 16:19:36,Купить,980186854841	,33.000000000000 RAVE,104.000000000000 RAVE,Доступно: 104.000000000000 RAVE
1768	,2025-12-18 16:19:36,Продажа,980186854841	,-13.19109000 USDT,34.87697815 USDT,Доступно: 15.79121815 USDT
1769	,2025-12-18 16:19:21,Торговые комиссии,980186775686	,-0.002526415498 GT,4.453505400028 GT,Доступно: 4.453505400028 GT
1770	,2025-12-18 16:19:21,Купить,980186775686	,71.000000000000 RAVE,71.000000000000 RAVE,Доступно: 71.000000000000 RAVE
1771	,2025-12-18 16:19:21,Продажа,980186775686	,-28.43621000 USDT,48.06806815 USDT,Доступно: 28.96739815 USDT
1772	,2025-12-18 15:49:37,Торговые комиссии,980173279361	,-0.000218470099 GT,4.456031815527 GT,Доступно: 4.456031815527 GT
1773	,2025-12-18 15:49:37,Торговые комиссии,980173279361	,-0.000728233663 GT,4.456250285626 GT,Доступно: 4.456250285626 GT
1774	,2025-12-18 15:49:37,Торговые комиссии,980173279361	,-0.000728233663 GT,4.456978519289 GT,Доступно: 4.456978519289 GT
1775	,2025-12-18 15:49:37,Продажа,980173279361	,-6.000000000000 RAVE,0.000000000000 RAVE,Доступно: 0.000000000000 RAVE
1776	,2025-12-18 15:49:37,Продажа,980173279361	,-20.000000000000 RAVE,6.000000000000 RAVE,Доступно: 0.000000000000 RAVE
1777	,2025-12-18 15:49:37,Продажа,980173279361	,-20.000000000000 RAVE,26.000000000000 RAVE,Доступно: 0.000000000000 RAVE
1778	,2025-12-18 15:49:37,Купить,980173279361	,2.45172000 USDT,76.50427815 USDT,Доступно: 76.50427815 USDT
1779	,2025-12-18 15:49:37,Купить,980173279361	,8.17240000 USDT,74.05255815 USDT,Доступно: 74.05255815 USDT
1780	,2025-12-18 15:49:37,Купить,980173279361	,8.17240000 USDT,65.88015815 USDT,Доступно: 65.88015815 USDT
1781	,2025-12-18 15:47:28,Торговые комиссии,980172491201	,-0.001667734786 GT,4.457706752953 GT,Доступно: 4.457706752953 GT
1782	,2025-12-18 15:47:28,Купить,980172491201	,46.000000000000 RAVE,46.000000000000 RAVE,Доступно: 46.000000000000 RAVE
1783	,2025-12-18 15:47:28,Продажа,980172491201	,-18.69716000 USDT,57.70775815 USDT,Доступно: 57.70775815 USDT
1784	,2025-12-18 15:40:45,Торговые комиссии,980170219009	,-0.001468792864 GT,4.459374487739 GT,Доступно: 4.459374487739 GT
1785	,2025-12-18 15:40:45,Продажа,980170219009	,-40.000000000000 RAVE,0.000000000000 RAVE,Доступно: 0.000000000000 RAVE
1786	,2025-12-18 15:40:45,Купить,980170219009	,16.46680000 USDT,76.40491815 USDT,Доступно: 76.40491815 USDT
1787	,2025-12-18 15:39:52,Торговые комиссии,980169903373	,-0.001466973240 GT,4.460843280604 GT,Доступно: 4.460843280604 GT
1788	,2025-12-18 15:39:52,Купить,980169903373	,40.000000000000 RAVE,40.000000000000 RAVE,Доступно: 40.000000000000 RAVE
1789	,2025-12-18 15:39:52,Продажа,980169903373	,-16.44640000 USDT,59.93811815 USDT,Доступно: 59.91931815 USDT
1790	,2025-12-18 15:30:04,Торговые комиссии,980149832585	,-0.001144260178 GT,4.462310253844 GT,Доступно: 4.462310253844 GT
1791	,2025-12-18 15:30:04,Продажа,980149832585	,-31.000000000000 RAVE,0.000000000000 RAVE,Доступно: 0.000000000000 RAVE
1792	,2025-12-18 15:30:04,Купить,980149832585	,12.80300000 USDT,76.38451815 USDT,Доступно: 76.38451815 USDT
1793	,2025-12-18 15:28:25,Торговые комиссии,980152797676	,-0.000333008937 GT,4.463454514023 GT,Доступно: 4.463454514023 GT
1794	,2025-12-18 15:28:25,Продажа,980152797676	,-9.000000000000 RAVE,31.000000000000 RAVE,Доступно: 0.000000000000 RAVE
1795	,2025-12-18 15:28:25,Купить,980152797676	,3.72600000 USDT,63.58151815 USDT,Доступно: 63.58151815 USDT
1796	,2025-12-18 15:28:01,Торговые комиссии,980146049582	,-0.003769173214 GT,4.463787522961 GT,Доступно: 4.463787522961 GT
1797	,2025-12-18 15:28:01,Продажа,980146049582	,-102.000000000000 RAVE,40.000000000000 RAVE,Доступно: 0.000000000000 RAVE
1798	,2025-12-18 15:28:01,Купить,980146049582	,42.21474000 USDT,59.85551815 USDT,Доступно: 59.85551815 USDT
1799	,2025-12-18 15:27:10,Торговые комиссии,980148287744	,-0.001513742800 GT,4.467556696175 GT,Доступно: 4.467556696175 GT
1800	,2025-12-18 15:27:10,Продажа,980148287744	,-41.000000000000 RAVE,142.000000000000 RAVE,Доступно: 0.000000000000 RAVE
1801	,2025-12-18 15:27:10,Купить,980148287744	,16.93710000 USDT,17.64077815 USDT,Доступно: 17.64077815 USDT
1802	,2025-12-18 14:51:09,Торговые комиссии,980152649554	,-0.000317949107 GT,4.469070438975 GT,Доступно: 4.469070438975 GT
1803	,2025-12-18 14:51:09,Купить,980152649554	,9.000000000000 RAVE,183.000000000000 RAVE,Доступно: 9.000000000000 RAVE
1804	,2025-12-18 14:51:09,Продажа,980152649554	,-3.56103000 USDT,0.70367815 USDT,Доступно: 0.70367815 USDT
1805	,2025-12-18 14:42:00,Торговые комиссии,980149625270	,-0.000142582142 GT,4.469388388082 GT,Доступно: 4.469388388082 GT
1806	,2025-12-18 14:42:00,Торговые комиссии,980149625270	,-0.000677265178 GT,4.469530970225 GT,Доступно: 4.469530970225 GT
1807	,2025-12-18 14:42:00,Торговые комиссии,980149625270	,-0.000285164285 GT,4.470208235404 GT,Доступно: 4.470208235404 GT
1808	,2025-12-18 14:42:00,Купить,980149625270	,4.000000000000 RAVE,174.000000000000 RAVE,Доступно: 31.000000000000 RAVE
1809	,2025-12-18 14:42:00,Купить,980149625270	,19.000000000000 RAVE,170.000000000000 RAVE,Доступно: 27.000000000000 RAVE
1810	,2025-12-18 14:42:00,Купить,980149625270	,8.000000000000 RAVE,151.000000000000 RAVE,Доступно: 8.000000000000 RAVE
1811	,2025-12-18 14:42:00,Продажа,980149625270	,-1.59692000 USDT,4.26470815 USDT,Доступно: 4.26470815 USDT
1812	,2025-12-18 14:42:00,Продажа,980149625270	,-7.58537000 USDT,5.86162815 USDT,Доступно: 4.26470815 USDT
1813	,2025-12-18 14:42:00,Продажа,980149625270	,-3.19384000 USDT,13.44699815 USDT,Доступно: 4.26470815 USDT
1814	,2025-12-18 14:36:13,Торговые комиссии,980145991764	,-0.001490892047 GT,4.470493399690 GT,Доступно: 4.470493399690 GT
1815	,2025-12-18 14:36:13,Купить,980145991764	,41.000000000000 RAVE,143.000000000000 RAVE,Доступно: 41.000000000000 RAVE
1816	,2025-12-18 14:36:13,Продажа,980145991764	,-16.66486000 USDT,16.64083815 USDT,Доступно: 16.64083815 USDT
1817	,2025-12-18 14:29:51,Торговые комиссии,980145868029	,-0.003733474029 GT,4.471984291737 GT,Доступно: 4.471984291737 GT
1818	,2025-12-18 14:29:51,Купить,980145868029	,102.000000000000 RAVE,102.000000000000 RAVE,Доступно: 102.000000000000 RAVE
1819	,2025-12-18 14:29:51,Продажа,980145868029	,-41.69046000 USDT,33.30569815 USDT,Доступно: 33.30569815 USDT
1820	,2025-12-18 14:12:55,Торговые комиссии,980115129663	,-0.003043285714 GT,4.475717765767 GT,Доступно: 4.475717765767 GT
1821	,2025-12-18 14:12:55,Продажа,980115129663	,-81.000000000000 RAVE,0.000000000000 RAVE,Доступно: 0.000000000000 RAVE
1822	,2025-12-18 14:12:55,Купить,980115129663	,34.08480000 USDT,74.99615815 USDT,Доступно: 74.99615815 USDT
1823	,2025-12-18 13:36:03,Торговые комиссии,980117372684	,-0.000403424999 GT,4.478761051481 GT,Доступно: 4.478761051481 GT
1824	,2025-12-18 13:36:03,Торговые комиссии,980117372684	,-0.000916874999 GT,4.479164476481 GT,Доступно: 4.479164476481 GT
1825	,2025-12-18 13:36:03,Продажа,980117372684	,-11.000000000000 RAVE,81.000000000000 RAVE,Доступно: 0.000000000000 RAVE
1826	,2025-12-18 13:36:03,Продажа,980117372684	,-25.000000000000 RAVE,92.000000000000 RAVE,Доступно: 0.000000000000 RAVE
1827	,2025-12-18 13:36:03,Купить,980117372684	,4.51836000 USDT,40.91135815 USDT,Доступно: 16.22732815 USDT
1828	,2025-12-18 13:36:03,Купить,980117372684	,10.26900000 USDT,36.39299815 USDT,Доступно: 11.70896815 USDT
1829	,2025-12-18 13:25:41,Торговые комиссии,980123470090	,-0.000143821782 GT,4.480081351481 GT,Доступно: 4.480081351481 GT
1830	,2025-12-18 13:25:41,Торговые комиссии,980123470090	,-0.000791019801 GT,4.480225173264 GT,Доступно: 4.480225173264 GT
1831	,2025-12-18 13:25:41,Торговые комиссии,980123470090	,-0.000791019801 GT,4.481016193066 GT,Доступно: 4.481016193066 GT
1832	,2025-12-18 13:25:41,Продажа,980123470090	,-4.000000000000 RAVE,117.000000000000 RAVE,Доступно: 0.000000000000 RAVE
1833	,2025-12-18 13:25:41,Продажа,980123470090	,-22.000000000000 RAVE,121.000000000000 RAVE,Доступно: 0.000000000000 RAVE
1834	,2025-12-18 13:25:41,Продажа,980123470090	,-22.000000000000 RAVE,143.000000000000 RAVE,Доступно: 0.000000000000 RAVE
1835	,2025-12-18 13:25:41,Купить,980123470090	,1.61400000 USDT,26.12399815 USDT,Доступно: 26.12399815 USDT
1836	,2025-12-18 13:25:41,Купить,980123470090	,8.87700000 USDT,24.50999815 USDT,Доступно: 24.50999815 USDT
1837	,2025-12-18 13:25:41,Купить,980123470090	,8.87700000 USDT,15.63299815 USDT,Доступно: 15.63299815 USDT
1838	,2025-12-18 13:19:05,Торговые комиссии,980121758635	,-0.000663683168 GT,4.481807212868 GT,Доступно: 4.481807212868 GT
1839	,2025-12-18 13:19:05,Торговые комиссии,980121758635	,-0.000978059405 GT,4.482470896036 GT,Доступно: 4.482470896036 GT
1840	,2025-12-18 13:19:05,Торговые комиссии,980121758635	,-0.000034930693 GT,4.483448955442 GT,Доступно: 4.483448955442 GT
1841	,2025-12-18 13:19:05,Купить,980121758635	,19.000000000000 RAVE,165.000000000000 RAVE,Доступно: 48.000000000000 RAVE
1842	,2025-12-18 13:19:05,Купить,980121758635	,28.000000000000 RAVE,146.000000000000 RAVE,Доступно: 29.000000000000 RAVE
1843	,2025-12-18 13:19:05,Купить,980121758635	,1.000000000000 RAVE,118.000000000000 RAVE,Доступно: 1.000000000000 RAVE
1844	,2025-12-18 13:19:05,Продажа,980121758635	,-7.44800000 USDT,6.75599815 USDT,Доступно: 6.75599815 USDT
1845	,2025-12-18 13:19:05,Продажа,980121758635	,-10.97600000 USDT,14.20399815 USDT,Доступно: 6.75599815 USDT
1846	,2025-12-18 13:19:05,Продажа,980121758635	,-0.39200000 USDT,25.17999815 USDT,Доступно: 6.75599815 USDT
1847	,2025-12-18 13:02:23,Торговые комиссии,980117299893	,-0.001241646428 GT,4.483483886135 GT,Доступно: 4.483483886135 GT
1848	,2025-12-18 13:02:23,Купить,980117299893	,36.000000000000 RAVE,117.000000000000 RAVE,Доступно: 36.000000000000 RAVE
1849	,2025-12-18 13:02:23,Продажа,980117299893	,-13.90644000 USDT,25.57199815 USDT,Доступно: 14.39199815 USDT
1850	,2025-12-18 13:02:02,Торговые комиссии,980117184211	,-0.000557724726 GT,4.484725532564 GT,Доступно: 4.484725532564 GT
1851	,2025-12-18 13:02:02,Торговые комиссии,980117184211	,-0.000488334458 GT,4.485283257290 GT,Доступно: 4.485283257290 GT
1852	,2025-12-18 13:02:02,Продажа,980117184211	,-16.000000000000 RAVE,81.000000000000 RAVE,Доступно: 0.000000000000 RAVE
1853	,2025-12-18 13:02:02,Продажа,980117184211	,-14.000000000000 RAVE,97.000000000000 RAVE,Доступно: 0.000000000000 RAVE
1854	,2025-12-18 13:02:02,Купить,980117184211	,6.24032000 USDT,39.47843815 USDT,Доступно: 28.29843815 USDT
1855	,2025-12-18 13:02:02,Купить,980117184211	,5.46392000 USDT,33.23811815 USDT,Доступно: 22.05811815 USDT
1856	,2025-12-18 13:01:55,Торговые комиссии,980115319543	,-0.001048361469 GT,4.485771591749 GT,Доступно: 4.485771591749 GT
1857	,2025-12-18 13:01:55,Купить,980115319543	,30.000000000000 RAVE,111.000000000000 RAVE,Доступно: 30.000000000000 RAVE
1858	,2025-12-18 13:01:55,Продажа,980115319543	,-11.73000000 USDT,27.77419815 USDT,Доступно: 16.59419815 USDT
1859	,2025-12-18 12:55:28,Торговые комиссии,980114940030	,-0.000814494637 GT,4.486819953219 GT,Доступно: 4.486819953219 GT
1860	,2025-12-18 12:55:28,Купить,980114940030	,23.000000000000 RAVE,81.000000000000 RAVE,Доступно: 81.000000000000 RAVE
1861	,2025-12-18 12:55:28,Продажа,980114940030	,-9.11329000 USDT,39.50419815 USDT,Доступно: 28.37751815 USDT
1862	,2025-12-18 12:55:03,Торговые комиссии,980114733985	,-0.002110082621 GT,4.487634447856 GT,Доступно: 4.487634447856 GT
1863	,2025-12-18 12:55:03,Купить,980114733985	,58.000000000000 RAVE,58.000000000000 RAVE,Доступно: 58.000000000000 RAVE
1864	,2025-12-18 12:55:03,Продажа,980114733985	,-23.60948000 USDT,48.61748815 USDT,Доступно: 37.49080815 USDT
1865	,2025-12-18 12:54:25,Торговые комиссии,980114604493	,-0.002184828202 GT,4.489744530478 GT,Доступно: 4.489744530478 GT
1866	,2025-12-18 12:54:25,Продажа,980114604493	,-60.000000000000 RAVE,0.000000000000 RAVE,Доступно: 0.000000000000 RAVE
1867	,2025-12-18 12:54:25,Купить,980114604493	,24.44580000 USDT,72.22696815 USDT,Доступно: 61.10028815 USDT
1868	,2025-12-18 12:54:01,Торговые комиссии,980114402465	,-0.001050136607 GT,4.491929358681 GT,Доступно: 4.491929358681 GT
1869	,2025-12-18 12:54:01,Купить,980114402465	,29.000000000000 RAVE,60.000000000000 RAVE,Доступно: 60.000000000000 RAVE
1870	,2025-12-18 12:54:01,Продажа,980114402465	,-11.76153000 USDT,47.78116815 USDT,Доступно: 36.65448815 USDT
1871	,2025-12-18 12:53:20,Торговые комиссии,980113368454	,-0.001135374999 GT,4.492979495288 GT,Доступно: 4.492979495288 GT
1872	,2025-12-18 12:53:20,Купить,980113368454	,31.000000000000 RAVE,31.000000000000 RAVE,Доступно: 31.000000000000 RAVE
1873	,2025-12-18 12:53:20,Продажа,980113368454	,-12.71620000 USDT,59.54269815 USDT,Доступно: 48.41601815 USDT
1874	,2025-12-18 12:47:02,Продажа,980111443169	,-160.000000000000 DGMA,0.000000000000 DGMA,Доступно: 0.000000000000 DGMA
1875	,2025-12-18 12:47:02,Продажа,980111371584	,-609.000000000000 DGMA,160.000000000000 DGMA,Доступно: 0.000000000000 DGMA
1876	,2025-12-18 12:47:02,Торговые комиссии,980111443169	,-0.000928428571 GT,4.494114870288 GT,Доступно: 4.494114870288 GT
1877	,2025-12-18 12:47:02,Торговые комиссии,980111371584	,-0.003533831249 GT,4.495043298859 GT,Доступно: 4.495043298859 GT
1878	,2025-12-18 12:47:02,Купить,980111443169	,10.39840000 USDT,72.25889815 USDT,Доступно: 61.13221815 USDT
1879	,2025-12-18 12:47:02,Купить,980111371584	,39.57891000 USDT,61.86049815 USDT,Доступно: 50.73381815 USDT
1880	,2025-12-18 12:45:46,Купить,980111287893	,160.000000000000 DGMA,769.000000000000 DGMA,Доступно: 160.000000000000 DGMA
1881	,2025-12-18 12:45:46,Торговые комиссии,980111287893	,-0.000926142857 GT,4.498577130109 GT,Доступно: 4.498577130109 GT
1882	,2025-12-18 12:45:46,Продажа,980111287893	,-10.37280000 USDT,22.28158815 USDT,Доступно: 22.28158815 USDT
1883	,2025-12-18 12:45:37,Купить,980111287893	,44.000000000000 DGMA,609.000000000000 DGMA,Доступно: 609.000000000000 DGMA
1884	,2025-12-18 12:45:37,Торговые комиссии,980111287893	,-0.000254689285 GT,4.499503272966 GT,Доступно: 4.499503272966 GT
1885	,2025-12-18 12:45:37,Продажа,980111287893	,-2.85252000 USDT,32.65438815 USDT,Доступно: 22.28158815 USDT
1886	,2025-12-18 12:45:32,Купить,980111287893	,44.000000000000 DGMA,565.000000000000 DGMA,Доступно: 565.000000000000 DGMA
1887	,2025-12-18 12:45:32,Торговые комиссии,980111287893	,-0.000254689285 GT,4.499757962252 GT,Доступно: 4.499757962252 GT
1888	,2025-12-18 12:45:32,Продажа,980111287893	,-2.85252000 USDT,35.50690815 USDT,Доступно: 22.28158815 USDT
1889	,2025-12-18 12:45:21,Купить,980111052107	,433.000000000000 DGMA,521.000000000000 DGMA,Доступно: 521.000000000000 DGMA
1890	,2025-12-18 12:45:21,Торговые комиссии,980111052107	,-0.002509080357 GT,4.500012651538 GT,Доступно: 4.500012651538 GT
1891	,2025-12-18 12:45:21,Продажа,980111052107	,-28.10170000 USDT,38.35942815 USDT,Доступно: 38.35942815 USDT
1892	,2025-12-18 12:45:11,Купить,980111052107	,44.000000000000 DGMA,88.000000000000 DGMA,Доступно: 88.000000000000 DGMA
1893	,2025-12-18 12:45:11,Торговые комиссии,980111052107	,-0.000254964285 GT,4.502521731895 GT,Доступно: 4.502521731895 GT
1894	,2025-12-18 12:45:11,Продажа,980111052107	,-2.85560000 USDT,66.46112815 USDT,Доступно: 38.35942815 USDT
1895	,2025-12-18 12:45:07,Купить,980111052107	,44.000000000000 DGMA,44.000000000000 DGMA,Доступно: 44.000000000000 DGMA
1896	,2025-12-18 12:45:07,Торговые комиссии,980111052107	,-0.000254711595 GT,4.502776696181 GT,Доступно: 4.502776696181 GT
1897	,2025-12-18 12:45:07,Продажа,980111052107	,-2.85560000 USDT,69.31672815 USDT,Доступно: 38.35942815 USDT
1898	,2025-12-18 12:44:10,Торговые комиссии,978936843801	,-0.003140865671 GT,4.503031407776 GT,Доступно: 4.503031407776 GT
1899	,2025-12-18 12:44:10,Продажа,978936843801	,-81.000000000000 RAVE,0.000000000000 RAVE,Доступно: 0.000000000000 RAVE
1900	,2025-12-18 12:44:10,Купить,978936843801	,35.07300000 USDT,72.17232815 USDT,Доступно: 72.17232815 USDT
1901	,2025-12-18 12:43:41,Продажа,980109510657	,-142.000000000000 DGMA,0.000000000000 DGMA,Доступно: 0.000000000000 DGMA
1902	,2025-12-18 12:43:41,Торговые комиссии,980109510657	,-0.000828026892 GT,4.506172273448 GT,Доступно: 4.506172273448 GT
1903	,2025-12-18 12:43:41,Купить,980109510657	,9.23710000 USDT,37.09932815 USDT,Доступно: 37.09932815 USDT
1904	,2025-12-18 12:43:32,Продажа,980110078169	,-187.000000000000 DGMA,142.000000000000 DGMA,Доступно: 0.000000000000 DGMA
1905	,2025-12-18 12:43:32,Торговые комиссии,980110078169	,-0.001089926892 GT,4.507000300340 GT,Доступно: 4.507000300340 GT
1906	,2025-12-18 12:43:32,Купить,980110078169	,12.15874000 USDT,27.86222815 USDT,Доступно: 27.86222815 USDT
1907	,2025-12-18 12:42:13,Купить,980109947286	,80.000000000000 DGMA,329.000000000000 DGMA,Доступно: 187.000000000000 DGMA
1908	,2025-12-18 12:42:13,Торговые комиссии,980109947286	,-0.000464955223 GT,4.508090227233 GT,Доступно: 4.508090227233 GT
1909	,2025-12-18 12:42:13,Продажа,980109947286	,-5.19200000 USDT,15.70348815 USDT,Доступно: 15.70348815 USDT
1910	,2025-12-18 12:41:28,Купить,980109762378	,75.000000000000 DGMA,249.000000000000 DGMA,Доступно: 107.000000000000 DGMA
1911	,2025-12-18 12:41:28,Купить,980109762378	,16.000000000000 DGMA,174.000000000000 DGMA,Доступно: 32.000000000000 DGMA
1912	,2025-12-18 12:41:28,Торговые комиссии,980109762378	,-0.000436902985 GT,4.508555182457 GT,Доступно: 4.508555182457 GT
1913	,2025-12-18 12:41:28,Торговые комиссии,980109762378	,-0.000093205970 GT,4.508992085442 GT,Доступно: 4.508992085442 GT
1914	,2025-12-18 12:41:28,Продажа,980109762378	,-4.87875000 USDT,20.89548815 USDT,Доступно: 20.89548815 USDT
1915	,2025-12-18 12:41:28,Продажа,980109762378	,-1.04080000 USDT,25.77423815 USDT,Доступно: 20.89548815 USDT
1916	,2025-12-18 12:41:27,Купить,980109762378	,16.000000000000 DGMA,158.000000000000 DGMA,Доступно: 16.000000000000 DGMA
1917	,2025-12-18 12:41:27,Торговые комиссии,980109762378	,-0.000093205970 GT,4.509085291412 GT,Доступно: 4.509085291412 GT
1918	,2025-12-18 12:41:27,Продажа,980109762378	,-1.04080000 USDT,26.81503815 USDT,Доступно: 20.89548815 USDT
1919	,2025-12-18 12:40:28,Купить,980109446210	,129.000000000000 DGMA,142.000000000000 DGMA,Доступно: 142.000000000000 DGMA
1920	,2025-12-18 12:40:28,Торговые комиссии,980109446210	,-0.000751764811 GT,4.509178497382 GT,Доступно: 4.509178497382 GT
1921	,2025-12-18 12:40:28,Продажа,980109446210	,-8.40306000 USDT,27.85583815 USDT,Доступно: 27.85583815 USDT
1922	,2025-12-18 12:40:27,Купить,980109446210	,13.000000000000 DGMA,13.000000000000 DGMA,Доступно: 13.000000000000 DGMA
1923	,2025-12-18 12:40:27,Торговые комиссии,980109446210	,-0.000075759244 GT,4.509930262193 GT,Доступно: 4.509930262193 GT
1924	,2025-12-18 12:40:27,Продажа,980109446210	,-0.84682000 USDT,36.25889815 USDT,Доступно: 27.85583815 USDT
1925	,2025-12-17 23:32:27,Торговые комиссии,978939421542	,-0.001292823529 GT,4.510006021438 GT,Доступно: 4.510006021438 GT
1926	,2025-12-17 23:32:27,Торговые комиссии,978940651826	,-0.000454235294 GT,4.511298844967 GT,Доступно: 4.511298844967 GT
1927	,2025-12-17 23:32:27,Торговые комиссии,978969917757	,-0.000733764705 GT,4.511753080261 GT,Доступно: 4.511753080261 GT
1928	,2025-12-17 23:32:27,Торговые комиссии,978989675696	,-0.000768705882 GT,4.512486844967 GT,Доступно: 4.512486844967 GT
1929	,2025-12-17 23:32:27,Продажа,978939421542	,-37.000000000000 RAVE,81.000000000000 RAVE,Доступно: 0.000000000000 RAVE
1930	,2025-12-17 23:32:27,Продажа,978940651826	,-13.000000000000 RAVE,118.000000000000 RAVE,Доступно: 0.000000000000 RAVE
1931	,2025-12-17 23:32:27,Продажа,978969917757	,-21.000000000000 RAVE,131.000000000000 RAVE,Доступно: 0.000000000000 RAVE
1932	,2025-12-17 23:32:27,Продажа,978989675696	,-22.000000000000 RAVE,152.000000000000 RAVE,Доступно: 0.000000000000 RAVE
1933	,2025-12-17 23:32:27,Купить,978939421542	,14.65200000 USDT,37.10571815 USDT,Доступно: 37.10571815 USDT
1934	,2025-12-17 23:32:27,Купить,978940651826	,5.14800000 USDT,22.45371815 USDT,Доступно: 22.45371815 USDT
1935	,2025-12-17 23:32:27,Купить,978969917757	,8.31600000 USDT,17.30571815 USDT,Доступно: 17.30571815 USDT
1936	,2025-12-17 23:32:27,Купить,978989675696	,8.71200000 USDT,8.98971815 USDT,Доступно: 8.98971815 USDT
1937	,2025-12-16 12:36:35,Торговые комиссии,978989549098	,-0.000574102366 GT,4.513255550850 GT,Доступно: 4.513255550850 GT
1938	,2025-12-16 12:36:35,Купить,978989549098	,22.000000000000 RAVE,174.000000000000 RAVE,Доступно: 22.000000000000 RAVE
1939	,2025-12-16 12:36:35,Продажа,978989549098	,-6.46822000 USDT,0.27771815 USDT,Доступно: 0.27771815 USDT
1940	,2025-12-16 11:39:13,Торговые комиссии,978969829248	,-0.000568166209 GT,4.513829653216 GT,Доступно: 4.513829653216 GT
1941	,2025-12-16 11:39:13,Купить,978969829248	,21.000000000000 RAVE,152.000000000000 RAVE,Доступно: 21.000000000000 RAVE
1942	,2025-12-16 11:39:13,Продажа,978969829248	,-6.44553000 USDT,6.74593815 USDT,Доступно: 6.72325815 USDT
1943	,2025-12-16 10:19:16,Торговые комиссии,978940594845	,-0.000381392578 GT,4.514397819426 GT,Доступно: 4.514397819426 GT
1944	,2025-12-16 10:19:16,Купить,978940594845	,13.000000000000 RAVE,131.000000000000 RAVE,Доступно: 13.000000000000 RAVE
1945	,2025-12-16 10:19:16,Продажа,978940594845	,-4.33940000 USDT,13.19146815 USDT,Доступно: 13.17885815 USDT
1946	,2025-12-16 10:16:01,Торговые комиссии,978939335400	,-0.000489543804 GT,4.514779212004 GT,Доступно: 4.514779212004 GT
1947	,2025-12-16 10:16:01,Купить,978939335400	,16.000000000000 RAVE,118.000000000000 RAVE,Доступно: 16.000000000000 RAVE
1948	,2025-12-16 10:16:01,Продажа,978939335400	,-5.57536000 USDT,17.53086815 USDT,Доступно: 17.53086815 USDT
1949	,2025-12-16 10:12:17,Торговые комиссии,978937946486	,-0.000661297170 GT,4.515268755809 GT,Доступно: 4.515268755809 GT
1950	,2025-12-16 10:12:17,Купить,978937946486	,21.000000000000 RAVE,102.000000000000 RAVE,Доступно: 21.000000000000 RAVE
1951	,2025-12-16 10:12:17,Продажа,978937946486	,-7.53144000 USDT,23.10622815 USDT,Доступно: 23.10622815 USDT
1952	,2025-12-16 10:08:43,Торговые комиссии,978936772884	,-0.002648415789 GT,4.515930052980 GT,Доступно: 4.515930052980 GT
1953	,2025-12-16 10:08:43,Купить,978936772884	,81.000000000000 RAVE,81.000000000000 RAVE,Доступно: 81.000000000000 RAVE
1954	,2025-12-16 10:08:43,Продажа,978936772884	,-30.19194000 USDT,30.63766815 USDT,Доступно: 30.63766815 USDT
1955	,2025-12-16 10:08:32,Торговые комиссии,978936718743	,-0.002659821052 GT,4.518578468769 GT,Доступно: 4.518578468769 GT
1956	,2025-12-16 10:08:32,Продажа,978936718743	,-82.000000000000 RAVE,0.000000000000 RAVE,Доступно: 0.000000000000 RAVE
1957	,2025-12-16 10:08:32,Купить,978936718743	,30.32196000 USDT,60.82960815 USDT,Доступно: 60.82960815 USDT
1958	,2025-12-16 10:08:03,Торговые комиссии,978936540361	,-0.000289902631 GT,4.521238289822 GT,Доступно: 4.521238289822 GT
1959	,2025-12-16 10:08:03,Торговые комиссии,978936540361	,-0.001159610526 GT,4.521528192453 GT,Доступно: 4.521528192453 GT
1960	,2025-12-16 10:08:03,Торговые комиссии,978936540361	,-0.001191821929 GT,4.522687802980 GT,Доступно: 4.522687802980 GT
1961	,2025-12-16 10:08:03,Купить,978936540361	,9.000000000000 RAVE,82.000000000000 RAVE,Доступно: 82.000000000000 RAVE
1962	,2025-12-16 10:08:03,Купить,978936540361	,36.000000000000 RAVE,73.000000000000 RAVE,Доступно: 73.000000000000 RAVE
1963	,2025-12-16 10:08:03,Купить,978936540361	,37.000000000000 RAVE,37.000000000000 RAVE,Доступно: 37.000000000000 RAVE
1964	,2025-12-16 10:08:03,Продажа,978936540361	,-3.30489000 USDT,30.50764815 USDT,Доступно: 30.50764815 USDT
1965	,2025-12-16 10:08:03,Продажа,978936540361	,-13.21956000 USDT,33.81253815 USDT,Доступно: 30.50764815 USDT
1966	,2025-12-16 10:08:03,Продажа,978936540361	,-13.58677000 USDT,47.03209815 USDT,Доступно: 30.50764815 USDT
1967	,2025-12-15 19:00:08,Торговые комиссии,978514627066	,-0.002682614634 GT,4.523879624910 GT,Доступно: 4.523879624910 GT
1968	,2025-12-15 19:00:08,Продажа,978514627066	,-67.000000000000 RAVE,0.000000000000 RAVE,Доступно: 0.000000000000 RAVE
1969	,2025-12-15 19:00:08,Купить,978514627066	,30.55200000 USDT,60.61886815 USDT,Доступно: 60.61886815 USDT
1970	,2025-12-15 18:59:34,Торговые комиссии,978562799669	,-0.000621377560 GT,4.526562239544 GT,Доступно: 4.526562239544 GT
1971	,2025-12-15 18:59:34,Продажа,978562799669	,-16.000000000000 RAVE,67.000000000000 RAVE,Доступно: 0.000000000000 RAVE
1972	,2025-12-15 18:59:34,Купить,978562799669	,7.07680000 USDT,30.06686815 USDT,Доступно: 30.06686815 USDT
1973	,2025-12-15 18:58:02,Торговые комиссии,978563694230	,-0.000191991202 GT,4.527183617105 GT,Доступно: 4.527183617105 GT
1974	,2025-12-15 18:58:02,Торговые комиссии,978563694230	,-0.000806363049 GT,4.527375608307 GT,Доступно: 4.527375608307 GT
1975	,2025-12-15 18:58:02,Продажа,978563694230	,-5.000000000000 RAVE,83.000000000000 RAVE,Доступно: 0.000000000000 RAVE
1976	,2025-12-15 18:58:02,Продажа,978563694230	,-21.000000000000 RAVE,88.000000000000 RAVE,Доступно: 0.000000000000 RAVE
1977	,2025-12-15 18:58:02,Купить,978563694230	,2.18230000 USDT,22.99006815 USDT,Доступно: 22.99006815 USDT
1978	,2025-12-15 18:58:02,Купить,978563694230	,9.16566000 USDT,20.80776815 USDT,Доступно: 20.80776815 USDT
1979	,2025-12-15 18:52:02,Торговые комиссии,978574341721	,-0.000491091202 GT,4.528181971357 GT,Доступно: 4.528181971357 GT
1980	,2025-12-15 18:52:02,Продажа,978574341721	,-13.000000000000 RAVE,109.000000000000 RAVE,Доступно: 0.000000000000 RAVE
1981	,2025-12-15 18:52:02,Купить,978574341721	,5.58207000 USDT,11.64210815 USDT,Доступно: 11.64210815 USDT
1982	,2025-12-15 18:51:12,Торговые комиссии,978574083270	,-0.000481581578 GT,4.528673062559 GT,Доступно: 4.528673062559 GT
1983	,2025-12-15 18:51:12,Купить,978574083270	,13.000000000000 RAVE,122.000000000000 RAVE,Доступно: 13.000000000000 RAVE
1984	,2025-12-15 18:51:12,Продажа,978574083270	,-5.49003000 USDT,6.06003815 USDT,Доступно: 6.06003815 USDT
1985	,2025-12-15 18:50:52,Торговые комиссии,978573920280	,-0.000221557894 GT,4.529154644138 GT,Доступно: 4.529154644138 GT
1986	,2025-12-15 18:50:52,Продажа,978573920280	,-6.000000000000 RAVE,109.000000000000 RAVE,Доступно: 0.000000000000 RAVE
1987	,2025-12-15 18:50:52,Купить,978573920280	,2.52576000 USDT,11.55006815 USDT,Доступно: 11.55006815 USDT
1988	,2025-12-15 18:50:46,Торговые комиссии,978573862424	,-0.000221494736 GT,4.529376202033 GT,Доступно: 4.529376202033 GT
1989	,2025-12-15 18:50:46,Купить,978573862424	,6.000000000000 RAVE,115.000000000000 RAVE,Доступно: 6.000000000000 RAVE
1990	,2025-12-15 18:50:46,Продажа,978573862424	,-2.52504000 USDT,9.02430815 USDT,Доступно: 9.02358815 USDT
1991	,2025-12-15 18:47:21,Торговые комиссии,978563893833	,-0.000489577215 GT,4.529597696770 GT,Доступно: 4.529597696770 GT
1992	,2025-12-15 18:47:21,Продажа,978563893833	,-13.000000000000 RAVE,109.000000000000 RAVE,Доступно: 0.000000000000 RAVE
1993	,2025-12-15 18:47:21,Купить,978563893833	,5.58662000 USDT,11.54934815 USDT,Доступно: 11.54934815 USDT
1994	,2025-12-15 18:37:45,Торговые комиссии,978563797671	,-0.000477605836 GT,4.530087273985 GT,Доступно: 4.530087273985 GT
1995	,2025-12-15 18:37:45,Купить,978563797671	,13.000000000000 RAVE,122.000000000000 RAVE,Доступно: 13.000000000000 RAVE
1996	,2025-12-15 18:37:45,Продажа,978563797671	,-5.45532000 USDT,5.96272815 USDT,Доступно: 5.96272815 USDT
1997	,2025-12-15 18:37:25,Торговые комиссии,978563556453	,-0.000953185797 GT,4.530564879822 GT,Доступно: 4.530564879822 GT
1998	,2025-12-15 18:37:25,Купить,978563556453	,26.000000000000 RAVE,109.000000000000 RAVE,Доступно: 26.000000000000 RAVE
1999	,2025-12-15 18:37:25,Продажа,978563556453	,-10.88750000 USDT,11.41804815 USDT,Доступно: 11.40660815 USDT
2000	,2025-12-15 18:36:05,Торговые комиссии,978545986198	,-0.000607909727 GT,4.531518065619 GT,Доступно: 4.531518065619 GT
2001	,2025-12-15 18:36:05,Купить,978545986198	,16.000000000000 RAVE,83.000000000000 RAVE,Доступно: 16.000000000000 RAVE
2002	,2025-12-15 18:36:05,Продажа,978545986198	,-6.94368000 USDT,22.30554815 USDT,Доступно: 22.30554815 USDT
2003	,2025-12-15 18:17:36,Торговые комиссии,978541751616	,-0.000617999999 GT,4.532125975347 GT,Доступно: 4.532125975347 GT
2004	,2025-12-15 18:17:36,Продажа,978541751616	,-16.000000000000 RAVE,67.000000000000 RAVE,Доступно: 0.000000000000 RAVE
2005	,2025-12-15 18:17:36,Купить,978541751616	,7.08640000 USDT,29.24922815 USDT,Доступно: 29.24922815 USDT
2006	,2025-12-15 18:17:14,Торговые комиссии,978542969797	,-0.000578391852 GT,4.532743975347 GT,Доступно: 4.532743975347 GT
2007	,2025-12-15 18:17:14,Продажа,978542969797	,-15.000000000000 RAVE,83.000000000000 RAVE,Доступно: 0.000000000000 RAVE
2008	,2025-12-15 18:17:14,Купить,978542969797	,6.62580000 USDT,22.16282815 USDT,Доступно: 22.16282815 USDT
2009	,2025-12-15 18:17:13,Торговые комиссии,978543488767	,-0.000307972841 GT,4.533322367199 GT,Доступно: 4.533322367199 GT
2010	,2025-12-15 18:17:13,Продажа,978543488767	,-8.000000000000 RAVE,98.000000000000 RAVE,Доступно: 0.000000000000 RAVE
2011	,2025-12-15 18:17:13,Купить,978543488767	,3.52800000 USDT,15.53702815 USDT,Доступно: 15.53702815 USDT
2012	,2025-12-15 18:16:13,Торговые комиссии,978543194708	,-0.000299937209 GT,4.533630340041 GT,Доступно: 4.533630340041 GT
2013	,2025-12-15 18:16:13,Купить,978543194708	,8.000000000000 RAVE,106.000000000000 RAVE,Доступно: 8.000000000000 RAVE
2014	,2025-12-15 18:16:13,Продажа,978543194708	,-3.43928000 USDT,12.00902815 USDT,Доступно: 11.99382815 USDT
2015	,2025-12-15 18:15:52,Торговые комиссии,978542817927	,-0.000568515972 GT,4.533930277251 GT,Доступно: 4.533930277251 GT
2016	,2025-12-15 18:15:52,Купить,978542817927	,15.000000000000 RAVE,98.000000000000 RAVE,Доступно: 15.000000000000 RAVE
2017	,2025-12-15 18:15:52,Продажа,978542817927	,-6.52530000 USDT,15.44830815 USDT,Доступно: 15.44830815 USDT
2018	,2025-12-15 18:13:17,Торговые комиссии,978539290991	,-0.000607752417 GT,4.534498793223 GT,Доступно: 4.534498793223 GT
2019	,2025-12-15 18:13:17,Купить,978539290991	,16.000000000000 RAVE,83.000000000000 RAVE,Доступно: 16.000000000000 RAVE
2020	,2025-12-15 18:13:17,Продажа,978539290991	,-6.98240000 USDT,21.97360815 USDT,Доступно: 21.97360815 USDT
2021	,2025-12-15 18:01:31,Торговые комиссии,978513370865	,-0.000945786407 GT,4.535106545641 GT,Доступно: 4.535106545641 GT
2022	,2025-12-15 18:01:31,Продажа,978513370865	,-24.000000000000 RAVE,67.000000000000 RAVE,Доступно: 0.000000000000 RAVE
2023	,2025-12-15 18:01:31,Купить,978513370865	,10.82400000 USDT,28.95600815 USDT,Доступно: 28.95600815 USDT
2024	,2025-12-15 17:59:26,Торговые комиссии,978523596078	,-0.000761565217 GT,4.536052332049 GT,Доступно: 4.536052332049 GT
2025	,2025-12-15 17:59:26,Продажа,978523596078	,-20.000000000000 RAVE,91.000000000000 RAVE,Доступно: 0.000000000000 RAVE
2026	,2025-12-15 17:59:26,Купить,978523596078	,8.75800000 USDT,18.13200815 USDT,Доступно: 18.13200815 USDT
2027	,2025-12-15 17:59:21,Торговые комиссии,978523927153	,-0.000378260869 GT,4.536813897266 GT,Доступно: 4.536813897266 GT
2028	,2025-12-15 17:59:21,Продажа,978523927153	,-10.000000000000 RAVE,111.000000000000 RAVE,Доступно: 0.000000000000 RAVE
2029	,2025-12-15 17:59:21,Купить,978523927153	,4.35000000 USDT,9.37400815 USDT,Доступно: 9.37400815 USDT
2030	,2025-12-15 17:56:09,Торговые комиссии,978523692194	,-0.000368566055 GT,4.537192158136 GT,Доступно: 4.537192158136 GT
2031	,2025-12-15 17:56:09,Купить,978523692194	,10.000000000000 RAVE,121.000000000000 RAVE,Доступно: 10.000000000000 RAVE
2032	,2025-12-15 17:56:09,Продажа,978523692194	,-4.24670000 USDT,5.02400815 USDT,Доступно: 5.02400815 USDT
2033	,2025-12-15 17:55:43,Торговые комиссии,978517972307	,-0.000732631274 GT,4.537560724192 GT,Доступно: 4.537560724192 GT
2034	,2025-12-15 17:55:43,Купить,978517972307	,20.000000000000 RAVE,111.000000000000 RAVE,Доступно: 20.000000000000 RAVE
2035	,2025-12-15 17:55:43,Продажа,978517972307	,-8.43340000 USDT,9.27070815 USDT,Доступно: 9.27070815 USDT
2036	,2025-12-15 17:47:11,Торговые комиссии,978515959200	,-0.000073278585 GT,4.538293355466 GT,Доступно: 4.538293355466 GT
2037	,2025-12-15 17:47:11,Торговые комиссии,978515959200	,-0.000915982313 GT,4.538366634051 GT,Доступно: 4.538366634051 GT
2038	,2025-12-15 17:47:11,Торговые комиссии,978515959200	,-0.000512950095 GT,4.539282616365 GT,Доступно: 4.539282616365 GT
2039	,2025-12-15 17:47:11,Продажа,978515959200	,-2.000000000000 RAVE,91.000000000000 RAVE,Доступно: 0.000000000000 RAVE
2040	,2025-12-15 17:47:11,Продажа,978515959200	,-25.000000000000 RAVE,93.000000000000 RAVE,Доступно: 0.000000000000 RAVE
2041	,2025-12-15 17:47:11,Продажа,978515959200	,-14.000000000000 RAVE,118.000000000000 RAVE,Доступно: 0.000000000000 RAVE
2042	,2025-12-15 17:47:11,Купить,978515959200	,0.85166000 USDT,17.70410815 USDT,Доступно: 17.70410815 USDT
2043	,2025-12-15 17:47:11,Купить,978515959200	,10.64575000 USDT,16.85244815 USDT,Доступно: 16.85244815 USDT
2044	,2025-12-15 17:47:11,Купить,978515959200	,5.96162000 USDT,6.20669815 USDT,Доступно: 6.20669815 USDT
2045	,2025-12-15 17:46:58,Торговые комиссии,978515813038	,-0.000875068451 GT,4.539795566460 GT,Доступно: 4.539795566460 GT
2046	,2025-12-15 17:46:58,Купить,978515813038	,24.000000000000 RAVE,132.000000000000 RAVE,Доступно: 41.000000000000 RAVE
2047	,2025-12-15 17:46:58,Продажа,978515813038	,-10.17024000 USDT,0.24507815 USDT,Доступно: 0.23235815 USDT
2048	,2025-12-15 17:46:03,Торговые комиссии,978515092707	,-0.000252865648 GT,4.540670634912 GT,Доступно: 4.540670634912 GT
2049	,2025-12-15 17:46:03,Купить,978515092707	,7.000000000000 RAVE,108.000000000000 RAVE,Доступно: 17.000000000000 RAVE
2050	,2025-12-15 17:46:03,Продажа,978515092707	,-2.94448000 USDT,10.41531815 USDT,Доступно: 10.40866815 USDT
2051	,2025-12-15 17:45:28,Торговые комиссии,978514737049	,-0.000362828571 GT,4.540923500560 GT,Доступно: 4.540923500560 GT
2052	,2025-12-15 17:45:28,Купить,978514737049	,10.000000000000 RAVE,101.000000000000 RAVE,Доступно: 10.000000000000 RAVE
2053	,2025-12-15 17:45:28,Продажа,978514737049	,-4.23300000 USDT,13.35979815 USDT,Доступно: 13.34889815 USDT
2054	,2025-12-15 17:45:07,Торговые комиссии,978514513519	,-0.000487518589 GT,4.541286329132 GT,Доступно: 4.541286329132 GT
2055	,2025-12-15 17:45:07,Купить,978514513519	,13.000000000000 RAVE,91.000000000000 RAVE,Доступно: 67.000000000000 RAVE
2056	,2025-12-15 17:45:07,Продажа,978514513519	,-5.68230000 USDT,17.59279815 USDT,Доступно: 17.58525815 USDT
2057	,2025-12-15 17:44:49,Торговые комиссии,978514324591	,-0.000447916873 GT,4.541773847721 GT,Доступно: 4.541773847721 GT
2058	,2025-12-15 17:44:49,Купить,978514324591	,12.000000000000 RAVE,78.000000000000 RAVE,Доступно: 54.000000000000 RAVE
2059	,2025-12-15 17:44:49,Продажа,978514324591	,-5.22072000 USDT,23.27509815 USDT,Доступно: 16.34449815 USDT
2060	,2025-12-15 17:44:35,Торговые комиссии,978514216932	,-0.000617375999 GT,4.542221764594 GT,Доступно: 4.542221764594 GT
2061	,2025-12-15 17:44:35,Купить,978514216932	,16.000000000000 RAVE,66.000000000000 RAVE,Доступно: 42.000000000000 RAVE
2062	,2025-12-15 17:44:35,Продажа,978514216932	,-7.20272000 USDT,28.49581815 USDT,Доступно: 28.49581815 USDT
2063	,2025-12-15 17:44:24,Торговые комиссии,978514060988	,-0.001013866285 GT,4.542839140594 GT,Доступно: 4.542839140594 GT
2064	,2025-12-15 17:44:24,Купить,978514060988	,26.000000000000 RAVE,50.000000000000 RAVE,Доступно: 26.000000000000 RAVE
2065	,2025-12-15 17:44:24,Продажа,978514060988	,-11.82844000 USDT,35.69853815 USDT,Доступно: 35.69853815 USDT
2066	,2025-12-15 17:42:47,Торговые комиссии,978511664575	,-0.000939527931 GT,4.543853006880 GT,Доступно: 4.543853006880 GT
2067	,2025-12-15 17:42:47,Купить,978511664575	,24.000000000000 RAVE,24.000000000000 RAVE,Доступно: 24.000000000000 RAVE
2068	,2025-12-15 17:42:47,Продажа,978511664575	,-10.95072000 USDT,47.52697815 USDT,Доступно: 47.52697815 USDT
2069	,2025-12-15 17:41:02,Торговые комиссии,978511748149	,-0.000669753136 GT,4.544792534811 GT,Доступно: 4.544792534811 GT
2070	,2025-12-15 17:41:02,Торговые комиссии,978511748149	,-0.000551561406 GT,4.545462287948 GT,Доступно: 4.545462287948 GT
2071	,2025-12-15 17:41:02,Продажа,978511748149	,-17.000000000000 RAVE,0.000000000000 RAVE,Доступно: 0.000000000000 RAVE
2072	,2025-12-15 17:41:02,Продажа,978511748149	,-14.000000000000 RAVE,17.000000000000 RAVE,Доступно: 0.000000000000 RAVE
2073	,2025-12-15 17:41:02,Купить,978511748149	,7.82867000 USDT,58.47769815 USDT,Доступно: 47.52697815 USDT
2074	,2025-12-15 17:41:02,Купить,978511748149	,6.44714000 USDT,50.64902815 USDT,Доступно: 39.69830815 USDT
2075	,2025-12-15 17:40:15,Торговые комиссии,978511570538	,-0.001215521503 GT,4.546013849355 GT,Доступно: 4.546013849355 GT
2076	,2025-12-15 17:40:15,Купить,978511570538	,31.000000000000 RAVE,31.000000000000 RAVE,Доступно: 31.000000000000 RAVE
2077	,2025-12-15 17:40:15,Продажа,978511570538	,-14.19459000 USDT,44.20188815 USDT,Доступно: 44.20188815 USDT
2078	,2025-12-15 17:37:01,Торговые комиссии,978506005553	,-0.000670700854 GT,4.547229370858 GT,Доступно: 4.547229370858 GT
2079	,2025-12-15 17:37:01,Продажа,978506005553	,-17.000000000000 RAVE,0.000000000000 RAVE,Доступно: 0.000000000000 RAVE
2080	,2025-12-15 17:37:01,Купить,978506005553	,7.84720000 USDT,58.39647815 USDT,Доступно: 58.39647815 USDT
2081	,2025-12-15 17:36:05,Торговые комиссии,978507484490	,-0.000434486367 GT,4.547900071713 GT,Доступно: 4.547900071713 GT
2082	,2025-12-15 17:36:05,Торговые комиссии,978507484490	,-0.001579950428 GT,4.548334558081 GT,Доступно: 4.548334558081 GT
2083	,2025-12-15 17:36:05,Продажа,978507484490	,-11.000000000000 RAVE,17.000000000000 RAVE,Доступно: 0.000000000000 RAVE
2084	,2025-12-15 17:36:05,Продажа,978507484490	,-40.000000000000 RAVE,28.000000000000 RAVE,Доступно: 0.000000000000 RAVE
2085	,2025-12-15 17:36:05,Купить,978507484490	,5.06418000 USDT,50.54927815 USDT,Доступно: 50.54927815 USDT
2086	,2025-12-15 17:36:05,Купить,978507484490	,18.41520000 USDT,45.48509815 USDT,Доступно: 45.48509815 USDT
2087	,2025-12-15 17:33:31,Торговые комиссии,978506599219	,-0.000738318606 GT,4.549914508510 GT,Доступно: 4.549914508510 GT
2088	,2025-12-15 17:33:31,Купить,978506599219	,19.000000000000 RAVE,68.000000000000 RAVE,Доступно: 51.000000000000 RAVE
2089	,2025-12-15 17:33:31,Продажа,978506599219	,-8.59731000 USDT,27.06989815 USDT,Доступно: 27.05963815 USDT
2090	,2025-12-15 17:33:17,Торговые комиссии,978500676829	,-0.001064006106 GT,4.550652827117 GT,Доступно: 4.550652827117 GT
2091	,2025-12-15 17:33:17,Купить,978500676829	,27.000000000000 RAVE,49.000000000000 RAVE,Доступно: 32.000000000000 RAVE
2092	,2025-12-15 17:33:17,Продажа,978500676829	,-12.38976000 USDT,35.66720815 USDT,Доступно: 35.66720815 USDT
2093	,2025-12-15 17:33:16,Торговые комиссии,978500676829	,-0.000197038167 GT,4.551716833224 GT,Доступно: 4.551716833224 GT
2094	,2025-12-15 17:33:16,Купить,978500676829	,5.000000000000 RAVE,22.000000000000 RAVE,Доступно: 5.000000000000 RAVE
2095	,2025-12-15 17:33:16,Продажа,978500676829	,-2.29440000 USDT,48.05696815 USDT,Доступно: 35.66720815 USDT
2096	,2025-12-15 17:32:09,Торговые комиссии,978504436639	,-0.000671448091 GT,4.551913871392 GT,Доступно: 4.551913871392 GT
2097	,2025-12-15 17:32:09,Купить,978504436639	,17.000000000000 RAVE,17.000000000000 RAVE,Доступно: 17.000000000000 RAVE
2098	,2025-12-15 17:32:09,Продажа,978504436639	,-7.81864000 USDT,50.35136815 USDT,Доступно: 35.80448815 USDT
2099	,2025-12-15 17:17:23,Торговые комиссии,978496899331	,-0.000633381404 GT,4.552585319483 GT,Доступно: 4.552585319483 GT
2100	,2025-12-15 17:17:23,Торговые комиссии,978496899331	,-0.000950072106 GT,4.553218700887 GT,Доступно: 4.553218700887 GT
2101	,2025-12-15 17:17:23,Продажа,978496899331	,-16.000000000000 RAVE,0.000000000000 RAVE,Доступно: 0.000000000000 RAVE
2102	,2025-12-15 17:17:23,Продажа,978496899331	,-24.000000000000 RAVE,16.000000000000 RAVE,Доступно: 0.000000000000 RAVE
2103	,2025-12-15 17:17:23,Купить,978496899331	,7.41760000 USDT,58.17000815 USDT,Доступно: 54.11325815 USDT
2104	,2025-12-15 17:17:23,Купить,978496899331	,11.12640000 USDT,50.75240815 USDT,Доступно: 46.69565815 USDT
2105	,2025-12-15 17:17:04,Торговые комиссии,978497341279	,-0.000475169172 GT,4.554168772994 GT,Доступно: 4.554168772994 GT
2106	,2025-12-15 17:17:04,Продажа,978497341279	,-12.000000000000 RAVE,40.000000000000 RAVE,Доступно: 0.000000000000 RAVE
2107	,2025-12-15 17:17:04,Купить,978497341279	,5.54892000 USDT,39.62600815 USDT,Доступно: 35.56925815 USDT
2108	,2025-12-15 17:14:09,Торговые комиссии,978497287706	,-0.000464698001 GT,4.554643942166 GT,Доступно: 4.554643942166 GT
2109	,2025-12-15 17:14:09,Купить,978497287706	,12.000000000000 RAVE,52.000000000000 RAVE,Доступно: 12.000000000000 RAVE
2110	,2025-12-15 17:14:09,Продажа,978497287706	,-5.42664000 USDT,34.07708815 USDT,Доступно: 34.07708815 USDT
2111	,2025-12-15 17:12:58,Торговые комиссии,978496839408	,-0.000118173168 GT,4.555108640168 GT,Доступно: 4.555108640168 GT
2112	,2025-12-15 17:12:58,Торговые комиссии,978496839408	,-0.000551474785 GT,4.555226813336 GT,Доступно: 4.555226813336 GT
2113	,2025-12-15 17:12:58,Купить,978496839408	,3.000000000000 RAVE,40.000000000000 RAVE,Доступно: 40.000000000000 RAVE
2114	,2025-12-15 17:12:58,Купить,978496839408	,14.000000000000 RAVE,37.000000000000 RAVE,Доступно: 37.000000000000 RAVE
2115	,2025-12-15 17:12:58,Продажа,978496839408	,-1.38000000 USDT,39.50372815 USDT,Доступно: 25.05791815 USDT
2116	,2025-12-15 17:12:58,Продажа,978496839408	,-6.44000000 USDT,40.88372815 USDT,Доступно: 25.05791815 USDT
2117	,2025-12-15 17:12:52,Торговые комиссии,978496801496	,-0.000909833999 GT,4.555778288122 GT,Доступно: 4.555778288122 GT
2118	,2025-12-15 17:12:52,Купить,978496801496	,23.000000000000 RAVE,23.000000000000 RAVE,Доступно: 23.000000000000 RAVE
2119	,2025-12-15 17:12:52,Продажа,978496801496	,-10.61473000 USDT,47.32372815 USDT,Доступно: 32.87532815 USDT
2120	,2025-12-15 17:12:05,Торговые комиссии,978496410928	,-0.001201037142 GT,4.556688122122 GT,Доступно: 4.556688122122 GT
2121	,2025-12-15 17:12:05,Продажа,978496410928	,-30.000000000000 RAVE,0.000000000000 RAVE,Доступно: 0.000000000000 RAVE
2122	,2025-12-15 17:12:05,Купить,978496410928	,14.01210000 USDT,57.93845815 USDT,Доступно: 43.50845815 USDT
2123	,2025-12-15 17:11:38,Торговые комиссии,978496364621	,-0.001184914285 GT,4.557889159265 GT,Доступно: 4.557889159265 GT
2124	,2025-12-15 17:11:38,Купить,978496364621	,30.000000000000 RAVE,30.000000000000 RAVE,Доступно: 30.000000000000 RAVE
2125	,2025-12-15 17:11:38,Продажа,978496364621	,-13.82400000 USDT,43.92635815 USDT,Доступно: 29.47025815 USDT
2126	,2025-12-15 16:07:00,Торговые комиссии,978473152440	,-0.000460118595 GT,4.559074073551 GT,Доступно: 4.559074073551 GT
2127	,2025-12-15 16:07:00,Торговые комиссии,978473152440	,-0.000778662239 GT,4.559534192147 GT,Доступно: 4.559534192147 GT
2128	,2025-12-15 16:07:00,Продажа,978473152440	,-13.000000000000 RAVE,0.000000000000 RAVE,Доступно: 0.000000000000 RAVE
2129	,2025-12-15 16:07:00,Продажа,978473152440	,-22.000000000000 RAVE,13.000000000000 RAVE,Доступно: 0.000000000000 RAVE
2130	,2025-12-15 16:07:00,Купить,978473152440	,5.38850000 USDT,57.75035815 USDT,Доступно: 57.75035815 USDT
2131	,2025-12-15 16:07:00,Купить,978473152440	,9.11900000 USDT,52.36185815 USDT,Доступно: 52.36185815 USDT
2132	,2025-12-15 16:06:00,Торговые комиссии,978472964843	,-0.001224371794 GT,4.560312854386 GT,Доступно: 4.560312854386 GT
2133	,2025-12-15 16:06:00,Купить,978472964843	,35.000000000000 RAVE,35.000000000000 RAVE,Доступно: 35.000000000000 RAVE
2134	,2025-12-15 16:06:00,Продажа,978472964843	,-14.32515000 USDT,43.24285815 USDT,Доступно: 43.22500815 USDT
2135	,2025-12-15 11:14:04,Торговые комиссии,978119193855	,-0.000114762808 GT,4.561537226180 GT,Доступно: 4.561537226180 GT
2136	,2025-12-15 11:14:04,Торговые комиссии,978119193855	,-0.000975483870 GT,4.561651988989 GT,Доступно: 4.561651988989 GT
2137	,2025-12-15 11:14:04,Торговые комиссии,978119193855	,-0.000774648956 GT,4.562627472860 GT,Доступно: 4.562627472860 GT
2138	,2025-12-15 11:14:04,Торговые комиссии,978119193855	,-0.000430360531 GT,4.563402121816 GT,Доступно: 4.563402121816 GT
2139	,2025-12-15 11:14:04,Торговые комиссии,978162311723	,-0.001262390891 GT,4.563832482347 GT,Доступно: 4.563832482347 GT
2140	,2025-12-15 11:14:04,Продажа,978119193855	,-4.000000000000 RAVE,0.000000000000 RAVE,Доступно: 0.000000000000 RAVE
2141	,2025-12-15 11:14:04,Продажа,978119193855	,-34.000000000000 RAVE,4.000000000000 RAVE,Доступно: 0.000000000000 RAVE
2142	,2025-12-15 11:14:04,Продажа,978119193855	,-27.000000000000 RAVE,38.000000000000 RAVE,Доступно: 0.000000000000 RAVE
2143	,2025-12-15 11:14:04,Продажа,978119193855	,-15.000000000000 RAVE,65.000000000000 RAVE,Доступно: 0.000000000000 RAVE
2144	,2025-12-15 11:14:04,Продажа,978162311723	,-44.000000000000 RAVE,80.000000000000 RAVE,Доступно: 0.000000000000 RAVE
2145	,2025-12-15 11:14:04,Купить,978119193855	,1.34400000 USDT,57.56800815 USDT,Доступно: 57.56800815 USDT
2146	,2025-12-15 11:14:04,Купить,978119193855	,11.42400000 USDT,56.22400815 USDT,Доступно: 56.22400815 USDT
2147	,2025-12-15 11:14:04,Купить,978119193855	,9.07200000 USDT,44.80000815 USDT,Доступно: 44.80000815 USDT
2148	,2025-12-15 11:14:04,Купить,978119193855	,5.04000000 USDT,35.72800815 USDT,Доступно: 35.72800815 USDT
2149	,2025-12-15 11:14:04,Купить,978162311723	,14.78400000 USDT,30.68800815 USDT,Доступно: 30.68800815 USDT
2150	,2025-12-15 10:55:40,Торговые комиссии,978127877928	,-0.000299145299 GT,4.565094873239 GT,Доступно: 4.565094873239 GT
2151	,2025-12-15 10:55:40,Торговые комиссии,978127877928	,-0.000867521367 GT,4.565394018538 GT,Доступно: 4.565394018538 GT
2152	,2025-12-15 10:55:40,Торговые комиссии,978127877928	,-0.000179487179 GT,4.566261539906 GT,Доступно: 4.566261539906 GT
2153	,2025-12-15 10:55:40,Продажа,978127877928	,-10.000000000000 RAVE,124.000000000000 RAVE,Доступно: 0.000000000000 RAVE
2154	,2025-12-15 10:55:40,Продажа,978127877928	,-29.000000000000 RAVE,134.000000000000 RAVE,Доступно: 0.000000000000 RAVE
2155	,2025-12-15 10:55:40,Продажа,978127877928	,-6.000000000000 RAVE,163.000000000000 RAVE,Доступно: 0.000000000000 RAVE
2156	,2025-12-15 10:55:40,Купить,978127877928	,3.50000000 USDT,15.90400815 USDT,Доступно: 15.90400815 USDT
2157	,2025-12-15 10:55:40,Купить,978127877928	,10.15000000 USDT,12.40400815 USDT,Доступно: 12.40400815 USDT
2158	,2025-12-15 10:55:40,Купить,978127877928	,2.10000000 USDT,2.25400815 USDT,Доступно: 2.25400815 USDT
2159	,2025-12-14 23:38:56,Торговые комиссии,978162197653	,-0.001025437608 GT,4.566441027085 GT,Доступно: 4.566441027085 GT
2160	,2025-12-14 23:38:56,Купить,978162197653	,44.000000000000 RAVE,169.000000000000 RAVE,Доступно: 44.000000000000 RAVE
2161	,2025-12-14 23:38:56,Продажа,978162197653	,-11.81532000 USDT,0.15400815 USDT,Доступно: 0.15400815 USDT
2162	,2025-12-14 21:39:16,Торговые комиссии,978127638331	,-0.001002718032 GT,4.567466464694 GT,Доступно: 4.567466464694 GT
2163	,2025-12-14 21:39:16,Купить,978127638331	,34.000000000000 RAVE,125.000000000000 RAVE,Доступно: 45.000000000000 RAVE
2164	,2025-12-14 21:39:16,Продажа,978127638331	,-11.55354000 USDT,11.96932815 USDT,Доступно: 11.96286815 USDT
2165	,2025-12-14 21:38:43,Торговые комиссии,978127638331	,-0.000322627456 GT,4.568469182727 GT,Доступно: 4.568469182727 GT
2166	,2025-12-14 21:38:43,Купить,978127638331	,11.000000000000 RAVE,91.000000000000 RAVE,Доступно: 11.000000000000 RAVE
2167	,2025-12-14 21:38:43,Продажа,978127638331	,-3.72097000 USDT,23.52286815 USDT,Доступно: 12.02168815 USDT
2168	,2025-12-14 21:09:49,Торговые комиссии,978118938947	,-0.002349641618 GT,4.568791810183 GT,Доступно: 4.568791810183 GT
2169	,2025-12-14 21:09:49,Купить,978118938947	,80.000000000000 RAVE,80.000000000000 RAVE,Доступно: 80.000000000000 RAVE
2170	,2025-12-14 21:09:49,Продажа,978118938947	,-27.09920000 USDT,27.24383815 USDT,Доступно: 27.24383815 USDT
2171	,2025-12-14 17:25:22,Торговые комиссии,977642024023	,-0.001623106423 GT,4.571141451802 GT,Доступно: 4.571141451802 GT
2172	,2025-12-14 17:25:22,Торговые комиссии,977642901429	,-0.001276222435 GT,4.572764558226 GT,Доступно: 4.572764558226 GT
2173	,2025-12-14 17:25:22,Продажа,977642024023	,-38.000000000000 RAVE,0.000000000000 RAVE,Доступно: 0.000000000000 RAVE
2174	,2025-12-14 17:25:22,Продажа,977642901429	,-30.000000000000 RAVE,38.000000000000 RAVE,Доступно: 0.000000000000 RAVE
2175	,2025-12-14 17:25:22,Купить,977642024023	,18.81000000 USDT,54.34303815 USDT,Доступно: 54.34303815 USDT
2176	,2025-12-14 17:25:22,Купить,977642901429	,14.79000000 USDT,35.53303815 USDT,Доступно: 35.53303815 USDT
2177	,2025-12-14 17:18:53,Торговые комиссии,977891236771	,-0.001787907869 GT,4.574040780661 GT,Доступно: 4.574040780661 GT
2178	,2025-12-14 17:18:53,Продажа,977891236771	,-46.000000000000 RAVE,68.000000000000 RAVE,Доступно: 0.000000000000 RAVE
2179	,2025-12-14 17:18:53,Купить,977891236771	,20.70000000 USDT,20.74303815 USDT,Доступно: 20.74303815 USDT
2180	,2025-12-14 08:38:54,Торговые комиссии,977890823357	,-0.000433258452 GT,4.575828688530 GT,Доступно: 4.575828688530 GT
2181	,2025-12-14 08:38:54,Купить,977890823357	,12.000000000000 RAVE,114.000000000000 RAVE,Доступно: 46.000000000000 RAVE
2182	,2025-12-14 08:38:54,Продажа,977890823357	,-5.04024000 USDT,0.04303815 USDT,Доступно: 0.04303815 USDT
2183	,2025-12-14 08:34:41,Торговые комиссии,977889826973	,-0.000439482488 GT,4.576261946983 GT,Доступно: 4.576261946983 GT
2184	,2025-12-14 08:34:41,Купить,977889826973	,12.000000000000 RAVE,102.000000000000 RAVE,Доступно: 34.000000000000 RAVE
2185	,2025-12-14 08:34:41,Продажа,977889826973	,-5.10288000 USDT,5.08327815 USDT,Доступно: 5.08327815 USDT
2186	,2025-12-14 08:34:23,Торговые комиссии,977889777971	,-0.000807157894 GT,4.576701429471 GT,Доступно: 4.576701429471 GT
2187	,2025-12-14 08:34:23,Купить,977889777971	,22.000000000000 RAVE,90.000000000000 RAVE,Доступно: 22.000000000000 RAVE
2188	,2025-12-14 08:34:23,Продажа,977889777971	,-9.37200000 USDT,10.18615815 USDT,Доступно: 10.18615815 USDT
2189	,2025-12-14 02:33:40,Торговые комиссии,977642258937	,-0.000786960690 GT,4.577508587366 GT,Доступно: 4.577508587366 GT
2190	,2025-12-14 02:33:40,Торговые комиссии,977642812978	,-0.000372770853 GT,4.578295548056 GT,Доступно: 4.578295548056 GT
2191	,2025-12-14 02:33:40,Торговые комиссии,977648074650	,-0.000497027804 GT,4.578668318910 GT,Доступно: 4.578668318910 GT
2192	,2025-12-14 02:33:40,Продажа,977642258937	,-19.000000000000 RAVE,68.000000000000 RAVE,Доступно: 0.000000000000 RAVE
2193	,2025-12-14 02:33:40,Продажа,977642812978	,-9.000000000000 RAVE,87.000000000000 RAVE,Доступно: 0.000000000000 RAVE
2194	,2025-12-14 02:33:40,Продажа,977648074650	,-12.000000000000 RAVE,96.000000000000 RAVE,Доступно: 0.000000000000 RAVE
2195	,2025-12-14 02:33:40,Купить,977642258937	,9.12000000 USDT,19.55815815 USDT,Доступно: 19.55815815 USDT
2196	,2025-12-14 02:33:40,Купить,977642812978	,4.32000000 USDT,10.43815815 USDT,Доступно: 10.43815815 USDT
2197	,2025-12-14 02:33:40,Купить,977648074650	,5.76000000 USDT,6.11815815 USDT,Доступно: 6.11815815 USDT
2198	,2025-12-13 16:24:03,Торговые комиссии,977647909781	,-0.000418745925 GT,4.579165346714 GT,Доступно: 4.579165346714 GT
2199	,2025-12-13 16:24:03,Купить,977647909781	,12.000000000000 RAVE,108.000000000000 RAVE,Доступно: 12.000000000000 RAVE
2200	,2025-12-13 16:24:03,Продажа,977647909781	,-4.85280000 USDT,0.35815815 USDT,Доступно: 0.35815815 USDT
2201	,2025-12-13 16:05:06,Торговые комиссии,977641145160	,-0.001280228489 GT,4.579584092639 GT,Доступно: 4.579584092639 GT
2202	,2025-12-13 16:05:06,Купить,977641145160	,30.000000000000 RAVE,96.000000000000 RAVE,Доступно: 30.000000000000 RAVE
2203	,2025-12-13 16:05:06,Продажа,977641145160	,-14.87910000 USDT,5.21095815 USDT,Доступно: 5.21095815 USDT
2204	,2025-12-13 16:04:45,Торговые комиссии,977642634058	,-0.000384881644 GT,4.580864321129 GT,Доступно: 4.580864321129 GT
2205	,2025-12-13 16:04:45,Купить,977642634058	,9.000000000000 RAVE,66.000000000000 RAVE,Доступно: 9.000000000000 RAVE
2206	,2025-12-13 16:04:45,Продажа,977642634058	,-4.47318000 USDT,20.09005815 USDT,Доступно: 5.21095815 USDT
2207	,2025-12-13 16:02:39,Торговые комиссии,977642078593	,-0.000516448565 GT,4.581249202773 GT,Доступно: 4.581249202773 GT
2208	,2025-12-13 16:02:39,Купить,977642078593	,12.000000000000 RAVE,57.000000000000 RAVE,Доступно: 19.000000000000 RAVE
2209	,2025-12-13 16:02:39,Продажа,977642078593	,-6.00228000 USDT,24.56323815 USDT,Доступно: 9.68413815 USDT
2210	,2025-12-13 16:02:37,Торговые комиссии,977642078593	,-0.000301261663 GT,4.581765651339 GT,Доступно: 4.581765651339 GT
2211	,2025-12-13 16:02:37,Купить,977642078593	,7.000000000000 RAVE,45.000000000000 RAVE,Доступно: 7.000000000000 RAVE
2212	,2025-12-13 16:02:37,Продажа,977642078593	,-3.50133000 USDT,30.56551815 USDT,Доступно: 9.68413815 USDT
2213	,2025-12-13 16:01:48,Торговые комиссии,977641936464	,-0.001642909090 GT,4.582066913002 GT,Доступно: 4.582066913002 GT
2214	,2025-12-13 16:01:48,Купить,977641936464	,38.000000000000 RAVE,38.000000000000 RAVE,Доступно: 38.000000000000 RAVE
2215	,2025-12-13 16:01:48,Продажа,977641936464	,-19.07600000 USDT,34.06684815 USDT,Доступно: 19.18774815 USDT
2216	,2025-12-13 15:58:47,Торговые комиссии,977640034358	,-0.000440181034 GT,4.583709822093 GT,Доступно: 4.583709822093 GT
2217	,2025-12-13 15:58:47,Торговые комиссии,977640034358	,-0.000880362068 GT,4.584150003128 GT,Доступно: 4.584150003128 GT
2218	,2025-12-13 15:58:47,Торговые комиссии,977640034358	,-0.000968398275 GT,4.585030365197 GT,Доступно: 4.585030365197 GT
2219	,2025-12-13 15:58:47,Продажа,977640034358	,-10.000000000000 RAVE,0.000000000000 RAVE,Доступно: 0.000000000000 RAVE
2220	,2025-12-13 15:58:47,Продажа,977640034358	,-20.000000000000 RAVE,10.000000000000 RAVE,Доступно: 0.000000000000 RAVE
2221	,2025-12-13 15:58:47,Продажа,977640034358	,-22.000000000000 RAVE,30.000000000000 RAVE,Доступно: 0.000000000000 RAVE
2222	,2025-12-13 15:58:47,Купить,977640034358	,5.10610000 USDT,53.14284815 USDT,Доступно: 38.26374815 USDT
2223	,2025-12-13 15:58:47,Купить,977640034358	,10.21220000 USDT,48.03674815 USDT,Доступно: 33.15764815 USDT
2224	,2025-12-13 15:58:47,Купить,977640034358	,11.23342000 USDT,37.82454815 USDT,Доступно: 22.94544815 USDT
2225	,2025-12-13 15:53:50,Торговые комиссии,977639905271	,-0.000959797894 GT,4.585998763473 GT,Доступно: 4.585998763473 GT
2226	,2025-12-13 15:53:50,Купить,977639905271	,22.000000000000 RAVE,52.000000000000 RAVE,Доступно: 52.000000000000 RAVE
2227	,2025-12-13 15:53:50,Продажа,977639905271	,-11.14432000 USDT,26.59112815 USDT,Доступно: 26.59112815 USDT
2228	,2025-12-13 15:53:45,Торговые комиссии,977639905271	,-0.001308815311 GT,4.586958561367 GT,Доступно: 4.586958561367 GT
2229	,2025-12-13 15:53:45,Купить,977639905271	,30.000000000000 RAVE,30.000000000000 RAVE,Доступно: 30.000000000000 RAVE
2230	,2025-12-13 15:53:45,Продажа,977639905271	,-15.19680000 USDT,37.73544815 USDT,Доступно: 26.59112815 USDT
2231	,2025-12-13 15:11:45,Торговые комиссии,977628101949	,-0.002108670773 GT,4.588267376678 GT,Доступно: 4.588267376678 GT
2232	,2025-12-13 15:11:45,Продажа,977628101949	,-49.000000000000 RAVE,0.000000000000 RAVE,Доступно: 0.000000000000 RAVE
2233	,2025-12-13 15:11:45,Купить,977628101949	,24.53087000 USDT,52.93224815 USDT,Доступно: 52.93224815 USDT
2234	,2025-12-13 15:11:43,Торговые комиссии,977628101949	,-0.000129102292 GT,4.590376047452 GT,Доступно: 4.590376047452 GT
2235	,2025-12-13 15:11:43,Продажа,977628101949	,-3.000000000000 RAVE,49.000000000000 RAVE,Доступно: 0.000000000000 RAVE
2236	,2025-12-13 15:11:43,Купить,977628101949	,1.50189000 USDT,28.40137815 USDT,Доступно: 28.40137815 USDT
2237	,2025-12-13 15:11:15,Торговые комиссии,977628068526	,-0.000343481948 GT,4.590505149744 GT,Доступно: 4.590505149744 GT
2238	,2025-12-13 15:11:15,Торговые комиссии,977628068526	,-0.000944575358 GT,4.590848631693 GT,Доступно: 4.590848631693 GT
2239	,2025-12-13 15:11:15,Торговые комиссии,977628068526	,-0.000343481948 GT,4.591793207051 GT,Доступно: 4.591793207051 GT
2240	,2025-12-13 15:11:15,Торговые комиссии,977628068526	,-0.000601093409 GT,4.592136688999 GT,Доступно: 4.592136688999 GT
2241	,2025-12-13 15:11:15,Купить,977628068526	,8.000000000000 RAVE,52.000000000000 RAVE,Доступно: 52.000000000000 RAVE
2242	,2025-12-13 15:11:15,Купить,977628068526	,22.000000000000 RAVE,44.000000000000 RAVE,Доступно: 44.000000000000 RAVE
2243	,2025-12-13 15:11:15,Купить,977628068526	,8.000000000000 RAVE,22.000000000000 RAVE,Доступно: 22.000000000000 RAVE
2244	,2025-12-13 15:11:15,Купить,977628068526	,14.000000000000 RAVE,14.000000000000 RAVE,Доступно: 14.000000000000 RAVE
2245	,2025-12-13 15:11:15,Продажа,977628068526	,-3.99584000 USDT,26.89948815 USDT,Доступно: 26.89948815 USDT
2246	,2025-12-13 15:11:15,Продажа,977628068526	,-10.98856000 USDT,30.89532815 USDT,Доступно: 26.89948815 USDT
2247	,2025-12-13 15:11:15,Продажа,977628068526	,-3.99584000 USDT,41.88388815 USDT,Доступно: 26.89948815 USDT
2248	,2025-12-13 15:11:15,Продажа,977628068526	,-6.99272000 USDT,45.87972815 USDT,Доступно: 26.89948815 USDT
2249	,2025-12-13 14:52:34,Торговые комиссии,977622017772	,-0.002310408724 GT,4.592737782409 GT,Доступно: 4.592737782409 GT
2250	,2025-12-13 14:52:34,Продажа,977622017772	,-53.000000000000 RAVE,0.000000000000 RAVE,Доступно: 0.000000000000 RAVE
2251	,2025-12-13 14:52:34,Купить,977622017772	,26.77507000 USDT,52.87244815 USDT,Доступно: 52.87244815 USDT
2252	,2025-12-13 14:48:25,Торговые комиссии,977621927815	,-0.002242905172 GT,4.595048191134 GT,Доступно: 4.595048191134 GT
2253	,2025-12-13 14:48:25,Купить,977621927815	,53.000000000000 RAVE,53.000000000000 RAVE,Доступно: 53.000000000000 RAVE
2254	,2025-12-13 14:48:25,Продажа,977621927815	,-26.01770000 USDT,26.09737815 USDT,Доступно: 26.09737815 USDT
2255	,2025-12-13 14:47:49,Торговые комиссии,977621774997	,-0.000768118965 GT,4.597291096306 GT,Доступно: 4.597291096306 GT
2256	,2025-12-13 14:47:49,Торговые комиссии,977621774997	,-0.001450891379 GT,4.598059215272 GT,Доступно: 4.598059215272 GT
2257	,2025-12-13 14:47:49,Продажа,977621774997	,-18.000000000000 RAVE,0.000000000000 RAVE,Доступно: 0.000000000000 RAVE
2258	,2025-12-13 14:47:49,Продажа,977621774997	,-34.000000000000 RAVE,18.000000000000 RAVE,Доступно: 0.000000000000 RAVE
2259	,2025-12-13 14:47:49,Купить,977621774997	,8.91018000 USDT,52.11507815 USDT,Доступно: 52.11507815 USDT
2260	,2025-12-13 14:47:49,Купить,977621774997	,16.83034000 USDT,43.20489815 USDT,Доступно: 43.20489815 USDT
2261	,2025-12-13 14:47:40,Торговые комиссии,977621741095	,-0.000383578448 GT,4.599510106651 GT,Доступно: 4.599510106651 GT
2262	,2025-12-13 14:47:40,Торговые комиссии,977621741095	,-0.001832652586 GT,4.599893685099 GT,Доступно: 4.599893685099 GT
2263	,2025-12-13 14:47:40,Купить,977621741095	,9.000000000000 RAVE,52.000000000000 RAVE,Доступно: 52.000000000000 RAVE
2264	,2025-12-13 14:47:40,Купить,977621741095	,43.000000000000 RAVE,43.000000000000 RAVE,Доступно: 43.000000000000 RAVE
2265	,2025-12-13 14:47:40,Продажа,977621741095	,-4.44951000 USDT,26.37455815 USDT,Доступно: 26.37455815 USDT
2266	,2025-12-13 14:47:40,Продажа,977621741095	,-21.25877000 USDT,30.82406815 USDT,Доступно: 26.37455815 USDT
2267	,2025-12-13 14:06:08,Торговые комиссии,977578011511	,-0.000944999999 GT,4.601726337686 GT,Доступно: 4.601726337686 GT
2268	,2025-12-13 14:06:08,Продажа,977578011511	,-21.000000000000 RAVE,0.000000000000 RAVE,Доступно: 0.000000000000 RAVE
2269	,2025-12-13 14:06:08,Купить,977578011511	,10.92000000 USDT,52.08283815 USDT,Доступно: 52.08283815 USDT
2270	,2025-12-13 13:43:48,Торговые комиссии,977595056994	,-0.002663256484 GT,4.602671337686 GT,Доступно: 4.602671337686 GT
2271	,2025-12-13 13:43:48,Продажа,977595056994	,-61.000000000000 RAVE,21.000000000000 RAVE,Доступно: 0.000000000000 RAVE
2272	,2025-12-13 13:43:48,Купить,977595056994	,30.80500000 USDT,41.16283815 USDT,Доступно: 41.16283815 USDT
2273	,2025-12-13 13:42:56,Торговые комиссии,977597919173	,-0.000889625360 GT,4.605334594170 GT,Доступно: 4.605334594170 GT
2274	,2025-12-13 13:42:56,Продажа,977597919173	,-21.000000000000 RAVE,82.000000000000 RAVE,Доступно: 0.000000000000 RAVE
2275	,2025-12-13 13:42:56,Купить,977597919173	,10.29000000 USDT,10.35783815 USDT,Доступно: 10.35783815 USDT
2276	,2025-12-13 13:15:01,Торговые комиссии,977597761421	,-0.000847571318 GT,4.606224219530 GT,Доступно: 4.606224219530 GT
2277	,2025-12-13 13:15:01,Купить,977597761421	,21.000000000000 RAVE,103.000000000000 RAVE,Доступно: 21.000000000000 RAVE
2278	,2025-12-13 13:15:01,Продажа,977597761421	,-9.78474000 USDT,0.06783815 USDT,Доступно: 0.06783815 USDT
2279	,2025-12-13 13:02:35,Торговые комиссии,977594709312	,-0.002509231183 GT,4.607071790849 GT,Доступно: 4.607071790849 GT
2280	,2025-12-13 13:02:35,Купить,977594709312	,61.000000000000 RAVE,82.000000000000 RAVE,Доступно: 61.000000000000 RAVE
2281	,2025-12-13 13:02:35,Продажа,977594709312	,-28.96768000 USDT,9.85257815 USDT,Доступно: 9.85257815 USDT
2282	,2025-12-13 12:38:14,Торговые комиссии,977587360302	,-0.001681618042 GT,4.609581022032 GT,Доступно: 4.609581022032 GT
2283	,2025-12-13 12:38:14,Продажа,977587360302	,-37.000000000000 RAVE,21.000000000000 RAVE,Доступно: 0.000000000000 RAVE
2284	,2025-12-13 12:38:14,Купить,977587360302	,19.46940000 USDT,38.82025815 USDT,Доступно: 38.82025815 USDT
2285	,2025-12-13 12:32:44,Торговые комиссии,977587263934	,-0.001595680979 GT,4.611262640075 GT,Доступно: 4.611262640075 GT
2286	,2025-12-13 12:32:44,Купить,977587263934	,37.000000000000 RAVE,58.000000000000 RAVE,Доступно: 37.000000000000 RAVE
2287	,2025-12-13 12:32:44,Продажа,977587263934	,-18.45671000 USDT,19.35085815 USDT,Доступно: 19.35085815 USDT
2288	,2025-12-13 12:31:46,Депозиты,299621111	,37.50000000 USDT,37.80756815 USDT,Доступно: 37.80756815 USDT
2289	,2025-12-13 11:55:41,Торговые комиссии,977577919028	,-0.000990697694 GT,4.612858321054 GT,Доступно: 4.612858321054 GT
2290	,2025-12-13 11:55:41,Купить,977577919028	,21.000000000000 RAVE,21.000000000000 RAVE,Доступно: 21.000000000000 RAVE
2291	,2025-12-13 11:55:41,Продажа,977577919028	,-11.45907000 USDT,0.30756815 USDT,Доступно: 0.30651815 USDT
2292	,2025-12-12 23:20:53,Торговые комиссии,977373015395	,-0.001021194174 GT,4.613849018749 GT,Доступно: 4.613849018749 GT
2293	,2025-12-12 23:20:53,Продажа,977373015395	,-31.000000000000 RAVE,0.000000000000 RAVE,Доступно: 0.000000000000 RAVE
2294	,2025-12-12 23:20:53,Купить,977373015395	,11.68700000 USDT,11.76663815 USDT,Доступно: 11.76663815 USDT
2295	,2025-12-12 22:55:16,Торговые комиссии,977372978604	,-0.001010792621 GT,4.614870212924 GT,Доступно: 4.614870212924 GT
2296	,2025-12-12 22:55:16,Купить,977372978604	,31.000000000000 RAVE,31.000000000000 RAVE,Доступно: 31.000000000000 RAVE
2297	,2025-12-12 22:55:16,Продажа,977372978604	,-11.56796000 USDT,0.07963815 USDT,Доступно: 0.07963815 USDT
2298	,2025-12-12 22:36:19,Торговые комиссии,977366252874	,-0.000133179049 GT,4.615881005545 GT,Доступно: 4.615881005545 GT
2299	,2025-12-12 22:36:19,Торговые комиссии,977366252874	,-0.000865663821 GT,4.616014184595 GT,Доступно: 4.616014184595 GT
2300	,2025-12-12 22:36:19,Продажа,977366252874	,-4.000000000000 RAVE,0.000000000000 RAVE,Доступно: 0.000000000000 RAVE
2301	,2025-12-12 22:36:19,Продажа,977366252874	,-26.000000000000 RAVE,4.000000000000 RAVE,Доступно: 0.000000000000 RAVE
2302	,2025-12-12 22:36:19,Купить,977366252874	,1.52564000 USDT,11.64759815 USDT,Доступно: 11.64759815 USDT
2303	,2025-12-12 22:36:19,Купить,977366252874	,9.91666000 USDT,10.12195815 USDT,Доступно: 10.12195815 USDT
2304	,2025-12-12 22:35:15,Торговые комиссии,977366009600	,-0.000980956353 GT,4.616879848416 GT,Доступно: 4.616879848416 GT
2305	,2025-12-12 22:35:15,Купить,977366009600	,30.000000000000 RAVE,30.000000000000 RAVE,Доступно: 30.000000000000 RAVE
2306	,2025-12-12 22:35:15,Продажа,977366009600	,-11.23740000 USDT,0.20529815 USDT,Доступно: 0.20529815 USDT
2307	,2025-12-12 20:06:00,Торговые комиссии,977299513672	,-0.000978367346 GT,4.617860804769 GT,Доступно: 4.617860804769 GT
2308	,2025-12-12 20:06:00,Продажа,977299513672	,-34.000000000000 RAVE,0.000000000000 RAVE,Доступно: 0.000000000000 RAVE
2309	,2025-12-12 20:06:00,Купить,977299513672	,11.18600000 USDT,11.44269815 USDT,Доступно: 11.44269815 USDT
2310	,2025-12-12 19:57:10,Торговые комиссии,977299413802	,-0.000936365953 GT,4.618839172116 GT,Доступно: 4.618839172116 GT
2311	,2025-12-12 19:57:10,Купить,977299413802	,34.000000000000 RAVE,34.000000000000 RAVE,Доступно: 34.000000000000 RAVE
2312	,2025-12-12 19:57:10,Продажа,977299413802	,-10.69538000 USDT,0.25669815 USDT,Доступно: 0.25669815 USDT
2313	,2025-12-12 19:54:08,Торговые комиссии,977294254283	,-0.000946578947 GT,4.619775538069 GT,Доступно: 4.619775538069 GT
2314	,2025-12-12 19:54:08,Продажа,977294254283	,-33.000000000000 RAVE,0.000000000000 RAVE,Доступно: 0.000000000000 RAVE
2315	,2025-12-12 19:54:08,Купить,977294254283	,10.79100000 USDT,10.95207815 USDT,Доступно: 10.95207815 USDT
2316	,2025-12-12 19:47:45,Торговые комиссии,977294073407	,-0.000928668292 GT,4.620722117017 GT,Доступно: 4.620722117017 GT
2317	,2025-12-12 19:47:45,Купить,977294073407	,33.000000000000 RAVE,33.000000000000 RAVE,Доступно: 33.000000000000 RAVE
2318	,2025-12-12 19:47:45,Продажа,977294073407	,-10.57650000 USDT,0.16107815 USDT,Доступно: 0.16107815 USDT
2319	,2025-12-12 19:35:28,Торговые комиссии,977277286314	,-0.000918227848 GT,4.621650785309 GT,Доступно: 4.621650785309 GT
2320	,2025-12-12 19:35:28,Продажа,977277286314	,-31.000000000000 RAVE,0.000000000000 RAVE,Доступно: 0.000000000000 RAVE
2321	,2025-12-12 19:35:28,Купить,977277286314	,10.47800000 USDT,10.73757815 USDT,Доступно: 10.73757815 USDT
2322	,2025-12-12 19:21:05,Торговые комиссии,977276600146	,-0.000907497078 GT,4.622569013158 GT,Доступно: 4.622569013158 GT
2323	,2025-12-12 19:21:05,Купить,977276600146	,31.000000000000 RAVE,31.000000000000 RAVE,Доступно: 31.000000000000 RAVE
2324	,2025-12-12 19:21:05,Продажа,977276600146	,-10.35555000 USDT,0.25957815 USDT,Доступно: 0.23012815 USDT
2325	,2025-12-12 19:19:01,Торговые комиссии,977274976696	,-0.000922762645 GT,4.623476510236 GT,Доступно: 4.623476510236 GT
2326	,2025-12-12 19:19:01,Продажа,977274976696	,-31.000000000000 RAVE,0.000000000000 RAVE,Доступно: 0.000000000000 RAVE
2327	,2025-12-12 19:19:01,Купить,977274976696	,10.54000000 USDT,10.61512815 USDT,Доступно: 10.61512815 USDT
2328	,2025-12-12 19:17:33,Торговые комиссии,977274677451	,-0.000920672859 GT,4.624399272882 GT,Доступно: 4.624399272882 GT
2329	,2025-12-12 19:17:33,Купить,977274677451	,31.000000000000 RAVE,31.000000000000 RAVE,Доступно: 31.000000000000 RAVE
2330	,2025-12-12 19:17:33,Продажа,977274677451	,-10.51613000 USDT,0.07512815 USDT,Доступно: 0.07512815 USDT
2331	,2025-12-12 19:14:40,Торговые комиссии,977272776437	,-0.000119678134 GT,4.625319945742 GT,Доступно: 4.625319945742 GT
2332	,2025-12-12 19:14:40,Продажа,977272776437	,-4.000000000000 RAVE,0.000000000000 RAVE,Доступно: 0.000000000000 RAVE
2333	,2025-12-12 19:14:40,Купить,977272776437	,1.36832000 USDT,10.59125815 USDT,Доступно: 10.59125815 USDT
2334	,2025-12-12 19:14:37,Торговые комиссии,977272776437	,-0.000778021574 GT,4.625439623876 GT,Доступно: 4.625439623876 GT
2335	,2025-12-12 19:14:37,Продажа,977272776437	,-26.000000000000 RAVE,4.000000000000 RAVE,Доступно: 0.000000000000 RAVE
2336	,2025-12-12 19:14:37,Купить,977272776437	,8.89538000 USDT,9.22293815 USDT,Доступно: 9.22293815 USDT
2337	,2025-12-12 19:09:20,Торговые комиссии,977268965667	,-0.000892996108 GT,4.626217645451 GT,Доступно: 4.626217645451 GT
2338	,2025-12-12 19:09:20,Купить,977268965667	,30.000000000000 RAVE,30.000000000000 RAVE,Доступно: 30.000000000000 RAVE
2339	,2025-12-12 19:09:20,Продажа,977268965667	,-10.20000000 USDT,0.32755815 USDT,Доступно: 0.32755815 USDT
2340	,2025-12-12 19:04:33,Торговые комиссии,977263922034	,-0.000910921052 GT,4.627110641560 GT,Доступно: 4.627110641560 GT
2341	,2025-12-12 19:04:33,Продажа,977263922034	,-30.000000000000 RAVE,0.000000000000 RAVE,Доступно: 0.000000000000 RAVE
2342	,2025-12-12 19:04:33,Купить,977263922034	,10.38450000 USDT,10.52755815 USDT,Доступно: 10.52755815 USDT
2343	,2025-12-12 19:02:14,Торговые комиссии,977263364185	,-0.000885064202 GT,4.628021562612 GT,Доступно: 4.628021562612 GT
2344	,2025-12-12 19:02:14,Купить,977263364185	,30.000000000000 RAVE,30.000000000000 RAVE,Доступно: 30.000000000000 RAVE
2345	,2025-12-12 19:02:14,Продажа,977263364185	,-10.10940000 USDT,0.14305815 USDT,Доступно: 0.03655815 USDT
2346	,2025-12-12 19:00:45,Торговые комиссии,977261996490	,-0.000878716926 GT,4.628906626815 GT,Доступно: 4.628906626815 GT
2347	,2025-12-12 19:00:45,Продажа,977261996490	,-29.000000000000 RAVE,0.000000000000 RAVE,Доступно: 0.000000000000 RAVE
2348	,2025-12-12 19:00:45,Купить,977261996490	,10.03690000 USDT,10.25245815 USDT,Доступно: 10.25245815 USDT
2349	,2025-12-12 19:00:29,Торговые комиссии,977261762558	,-0.000866860214 GT,4.629785343741 GT,Доступно: 4.629785343741 GT
2350	,2025-12-12 19:00:29,Купить,977261762558	,29.000000000000 RAVE,29.000000000000 RAVE,Доступно: 29.000000000000 RAVE
2351	,2025-12-12 19:00:29,Продажа,977261762558	,-9.90147000 USDT,0.21555815 USDT,Доступно: 0.21178815 USDT
2352	,2025-12-12 18:58:06,Трансфер со Спота,861972354	,8.81728739 USDT,10.11702815 USDT,Доступно: 10.11702815 USDT
